Participante,TOTAL_PUNTOS,PUNTOS_FASE_DE_GRUPOS,PUNTOS_FASE_FINAL,PUNTOS_ESPECIALES,USAEcuador_RTO,USAEcuador_1X2,USAEcuador_DOB,USAEcuador_PTOS,SenegalNewZealand_RTO,SenegalNewZealand_1X2,SenegalNewZealand_DOB,SenegalNewZealand_PTOS,USASenegal_RTO,USASenegal_1X2,USASenegal_DOB,USASenegal_PTOS,EcuadorNewZealand_RTO,EcuadorNewZealand_1X2,EcuadorNewZealand_DOB,EcuadorNewZealand_PTOS,USANewZealand_RTO,USANewZealand_1X2,USANewZealand_DOB,USANewZealand_PTOS,EcuadorSenegal_RTO,EcuadorSenegal_1X2,EcuadorSenegal_DOB,EcuadorSenegal_PTOS,gA_USA_POS,gA_USA_PTOS,gA_Ecuador_POS,gA_Ecuador_PTOS,gA_Senegal_POS,gA_Senegal_PTOS,gA_NewZealand_POS,gA_NewZealand_PTOS,BrazilSerbia_RTO,BrazilSerbia_1X2,BrazilSerbia_DOB,BrazilSerbia_PTOS,JapanGhana_RTO,JapanGhana_1X2,JapanGhana_DOB,JapanGhana_PTOS,BrazilJapan_RTO,BrazilJapan_1X2,BrazilJapan_DOB,BrazilJapan_PTOS,SerbiaGhana_RTO,SerbiaGhana_1X2,SerbiaGhana_DOB,SerbiaGhana_PTOS,BrazilGhana_RTO,BrazilGhana_1X2,BrazilGhana_DOB,BrazilGhana_PTOS,SerbiaJapan_RTO,SerbiaJapan_1X2,SerbiaJapan_DOB,SerbiaJapan_PTOS,gB_Brazil_POS,gB_Brazil_PTOS,gB_Serbia_POS,gB_Serbia_PTOS,gB_Japan_POS,gB_Japan_PTOS,gB_Ghana_POS,gB_Ghana_PTOS,ArgentinaMexico_RTO,ArgentinaMexico_1X2,ArgentinaMexico_DOB,ArgentinaMexico_PTOS,TunisiaUkraine_RTO,TunisiaUkraine_1X2,TunisiaUkraine_DOB,TunisiaUkraine_PTOS,ArgentinaTunisia_RTO,ArgentinaTunisia_1X2,ArgentinaTunisia_DOB,ArgentinaTunisia_PTOS,MexicoUkraine_RTO,MexicoUkraine_1X2,MexicoUkraine_DOB,MexicoUkraine_PTOS,ArgentinaUkraine_RTO,ArgentinaUkraine_1X2,ArgentinaUkraine_DOB,ArgentinaUkraine_PTOS,MexicoTunisia_RTO,MexicoTunisia_1X2,MexicoTunisia_DOB,MexicoTunisia_PTOS,gC_Argentina_POS,gC_Argentina_PTOS,gC_Mexico_POS,gC_Mexico_PTOS,gC_Tunisia_POS,gC_Tunisia_PTOS,gC_Ukraine_POS,gC_Ukraine_PTOS,SpainMorocco_RTO,SpainMorocco_1X2,SpainMorocco_DOB,SpainMorocco_PTOS,SouthKoreaParaguay_RTO,SouthKoreaParaguay_1X2,SouthKoreaParaguay_DOB,SouthKoreaParaguay_PTOS,SpainSouthKorea_RTO,SpainSouthKorea_1X2,SpainSouthKorea_DOB,SpainSouthKorea_PTOS,MoroccoParaguay_RTO,MoroccoParaguay_1X2,MoroccoParaguay_DOB,MoroccoParaguay_PTOS,SpainParaguay_RTO,SpainParaguay_1X2,SpainParaguay_DOB,SpainParaguay_PTOS,MoroccoSouthKorea_RTO,MoroccoSouthKorea_1X2,MoroccoSouthKorea_DOB,MoroccoSouthKorea_PTOS,gD_Spain_POS,gD_Spain_PTOS,gD_Morocco_POS,gD_Morocco_PTOS,gD_SouthKorea_POS,gD_SouthKorea_PTOS,gD_Paraguay_POS,gD_Paraguay_PTOS,FranceDenmark_RTO,FranceDenmark_1X2,FranceDenmark_DOB,FranceDenmark_PTOS,NigeriaPeru_RTO,NigeriaPeru_1X2,NigeriaPeru_DOB,NigeriaPeru_PTOS,FranceNigeria_RTO,FranceNigeria_1X2,FranceNigeria_DOB,FranceNigeria_PTOS,DenmarkPeru_RTO,DenmarkPeru_1X2,DenmarkPeru_DOB,DenmarkPeru_PTOS,FrancePeru_RTO,FrancePeru_1X2,FrancePeru_DOB,FrancePeru_PTOS,DenmarkNigeria_RTO,DenmarkNigeria_1X2,DenmarkNigeria_DOB,DenmarkNigeria_PTOS,gE_France_POS,gE_France_PTOS,gE_Denmark_POS,gE_Denmark_PTOS,gE_Nigeria_POS,gE_Nigeria_PTOS,gE_Peru_POS,gE_Peru_PTOS,EnglandCroatia_RTO,EnglandCroatia_1X2,EnglandCroatia_DOB,EnglandCroatia_PTOS,AustraliaCameroon_RTO,AustraliaCameroon_1X2,AustraliaCameroon_DOB,AustraliaCameroon_PTOS,EnglandAustralia_RTO,EnglandAustralia_1X2,EnglandAustralia_DOB,EnglandAustralia_PTOS,CroatiaCameroon_RTO,CroatiaCameroon_1X2,CroatiaCameroon_DOB,CroatiaCameroon_PTOS,EnglandCameroon_RTO,EnglandCameroon_1X2,EnglandCameroon_DOB,EnglandCameroon_PTOS,CroatiaAustralia_RTO,CroatiaAustralia_1X2,CroatiaAustralia_DOB,CroatiaAustralia_PTOS,gF_England_POS,gF_England_PTOS,gF_Croatia_POS,gF_Croatia_PTOS,gF_Australia_POS,gF_Australia_PTOS,gF_Cameroon_POS,gF_Cameroon_PTOS,GermanyColombia_RTO,GermanyColombia_1X2,GermanyColombia_DOB,GermanyColombia_PTOS,AlgeriaScotland_RTO,AlgeriaScotland_1X2,AlgeriaScotland_DOB,AlgeriaScotland_PTOS,GermanyAlgeria_RTO,GermanyAlgeria_1X2,GermanyAlgeria_DOB,GermanyAlgeria_PTOS,ColombiaScotland_RTO,ColombiaScotland_1X2,ColombiaScotland_DOB,ColombiaScotland_PTOS,GermanyScotland_RTO,GermanyScotland_1X2,GermanyScotland_DOB,GermanyScotland_PTOS,ColombiaAlgeria_RTO,ColombiaAlgeria_1X2,ColombiaAlgeria_DOB,ColombiaAlgeria_PTOS,gG_Germany_POS,gG_Germany_PTOS,gG_Colombia_POS,gG_Colombia_PTOS,gG_Algeria_POS,gG_Algeria_PTOS,gG_Scotland_POS,gG_Scotland_PTOS,PortugalUruguay_RTO,PortugalUruguay_1X2,PortugalUruguay_DOB,PortugalUruguay_PTOS,CanadaIran_RTO,CanadaIran_1X2,CanadaIran_DOB,CanadaIran_PTOS,PortugalCanada_RTO,PortugalCanada_1X2,PortugalCanada_DOB,PortugalCanada_PTOS,UruguayIran_RTO,UruguayIran_1X2,UruguayIran_DOB,UruguayIran_PTOS,PortugalIran_RTO,PortugalIran_1X2,PortugalIran_DOB,PortugalIran_PTOS,UruguayCanada_RTO,UruguayCanada_1X2,UruguayCanada_DOB,UruguayCanada_PTOS,gH_Portugal_POS,gH_Portugal_PTOS,gH_Uruguay_POS,gH_Uruguay_PTOS,gH_Canada_POS,gH_Canada_PTOS,gH_Iran_POS,gH_Iran_PTOS,ItalySwitzerland_RTO,ItalySwitzerland_1X2,ItalySwitzerland_DOB,ItalySwitzerland_PTOS,CostaRicaQatar_RTO,CostaRicaQatar_1X2,CostaRicaQatar_DOB,CostaRicaQatar_PTOS,ItalyCostaRica_RTO,ItalyCostaRica_1X2,ItalyCostaRica_DOB,ItalyCostaRica_PTOS,SwitzerlandQatar_RTO,SwitzerlandQatar_1X2,SwitzerlandQatar_DOB,SwitzerlandQatar_PTOS,ItalyQatar_RTO,ItalyQatar_1X2,ItalyQatar_DOB,ItalyQatar_PTOS,SwitzerlandCostaRica_RTO,SwitzerlandCostaRica_1X2,SwitzerlandCostaRica_DOB,SwitzerlandCostaRica_PTOS,gI_Italy_POS,gI_Italy_PTOS,gI_Switzerland_POS,gI_Switzerland_PTOS,gI_CostaRica_POS,gI_CostaRica_PTOS,gI_Qatar_POS,gI_Qatar_PTOS,NetherlandsBelgium_RTO,NetherlandsBelgium_1X2,NetherlandsBelgium_DOB,NetherlandsBelgium_PTOS,EgyptJamaica_RTO,EgyptJamaica_1X2,EgyptJamaica_DOB,EgyptJamaica_PTOS,NetherlandsEgypt_RTO,NetherlandsEgypt_1X2,NetherlandsEgypt_DOB,NetherlandsEgypt_PTOS,BelgiumJamaica_RTO,BelgiumJamaica_1X2,BelgiumJamaica_DOB,BelgiumJamaica_PTOS,NetherlandsJamaica_RTO,NetherlandsJamaica_1X2,NetherlandsJamaica_DOB,NetherlandsJamaica_PTOS,BelgiumEgypt_RTO,BelgiumEgypt_1X2,BelgiumEgypt_DOB,BelgiumEgypt_PTOS,gJ_Netherlands_POS,gJ_Netherlands_PTOS,gJ_Belgium_POS,gJ_Belgium_PTOS,gJ_Egypt_POS,gJ_Egypt_PTOS,gJ_Jamaica_POS,gJ_Jamaica_PTOS,ChilePoland_RTO,ChilePoland_1X2,ChilePoland_DOB,ChilePoland_PTOS,SaudiArabiaIvoryCoast_RTO,SaudiArabiaIvoryCoast_1X2,SaudiArabiaIvoryCoast_DOB,SaudiArabiaIvoryCoast_PTOS,ChileSaudiArabia_RTO,ChileSaudiArabia_1X2,ChileSaudiArabia_DOB,ChileSaudiArabia_PTOS,PolandIvoryCoast_RTO,PolandIvoryCoast_1X2,PolandIvoryCoast_DOB,PolandIvoryCoast_PTOS,ChileIvoryCoast_RTO,ChileIvoryCoast_1X2,ChileIvoryCoast_DOB,ChileIvoryCoast_PTOS,PolandSaudiArabia_RTO,PolandSaudiArabia_1X2,PolandSaudiArabia_DOB,PolandSaudiArabia_PTOS,gK_Chile_POS,gK_Chile_PTOS,gK_Poland_POS,gK_Poland_PTOS,gK_SaudiArabia_POS,gK_SaudiArabia_PTOS,gK_IvoryCoast_POS,gK_IvoryCoast_PTOS,TurkeyNorway_RTO,TurkeyNorway_1X2,TurkeyNorway_DOB,TurkeyNorway_PTOS,VenezuelaSouthAfrica_RTO,VenezuelaSouthAfrica_1X2,VenezuelaSouthAfrica_DOB,VenezuelaSouthAfrica_PTOS,TurkeyVenezuela_RTO,TurkeyVenezuela_1X2,TurkeyVenezuela_DOB,TurkeyVenezuela_PTOS,NorwaySouthAfrica_RTO,NorwaySouthAfrica_1X2,NorwaySouthAfrica_DOB,NorwaySouthAfrica_PTOS,TurkeySouthAfrica_RTO,TurkeySouthAfrica_1X2,TurkeySouthAfrica_DOB,TurkeySouthAfrica_PTOS,NorwayVenezuela_RTO,NorwayVenezuela_1X2,NorwayVenezuela_DOB,NorwayVenezuela_PTOS,gL_Turkey_POS,gL_Turkey_PTOS,gL_Norway_POS,gL_Norway_PTOS,gL_Venezuela_POS,gL_Venezuela_PTOS,gL_SouthAfrica_POS,gL_SouthAfrica_PTOS,EquipoR32_1,EquipoR32_1_PTOS,EquipoR32_2,EquipoR32_2_PTOS,EquipoR32_3,EquipoR32_3_PTOS,EquipoR32_4,EquipoR32_4_PTOS,EquipoR32_5,EquipoR32_5_PTOS,EquipoR32_6,EquipoR32_6_PTOS,EquipoR32_7,EquipoR32_7_PTOS,EquipoR32_8,EquipoR32_8_PTOS,EquipoR32_9,EquipoR32_9_PTOS,EquipoR32_10,EquipoR32_10_PTOS,EquipoR32_11,EquipoR32_11_PTOS,EquipoR32_12,EquipoR32_12_PTOS,EquipoR32_13,EquipoR32_13_PTOS,EquipoR32_14,EquipoR32_14_PTOS,EquipoR32_15,EquipoR32_15_PTOS,EquipoR32_16,EquipoR32_16_PTOS,EquipoR32_17,EquipoR32_17_PTOS,EquipoR32_18,EquipoR32_18_PTOS,EquipoR32_19,EquipoR32_19_PTOS,EquipoR32_20,EquipoR32_20_PTOS,EquipoR32_21,EquipoR32_21_PTOS,EquipoR32_22,EquipoR32_22_PTOS,EquipoR32_23,EquipoR32_23_PTOS,EquipoR32_24,EquipoR32_24_PTOS,EquipoR32_25,EquipoR32_25_PTOS,EquipoR32_26,EquipoR32_26_PTOS,EquipoR32_27,EquipoR32_27_PTOS,EquipoR32_28,EquipoR32_28_PTOS,EquipoR32_29,EquipoR32_29_PTOS,EquipoR32_30,EquipoR32_30_PTOS,EquipoR32_31,EquipoR32_31_PTOS,EquipoR32_32,EquipoR32_32_PTOS,EquipoOctavos_1,EquipoOctavos_1_PTOS,EquipoOctavos_2,EquipoOctavos_2_PTOS,EquipoOctavos_3,EquipoOctavos_3_PTOS,EquipoOctavos_4,EquipoOctavos_4_PTOS,EquipoOctavos_5,EquipoOctavos_5_PTOS,EquipoOctavos_6,EquipoOctavos_6_PTOS,EquipoOctavos_7,EquipoOctavos_7_PTOS,EquipoOctavos_8,EquipoOctavos_8_PTOS,EquipoOctavos_9,EquipoOctavos_9_PTOS,EquipoOctavos_10,EquipoOctavos_10_PTOS,EquipoOctavos_11,EquipoOctavos_11_PTOS,EquipoOctavos_12,EquipoOctavos_12_PTOS,EquipoOctavos_13,EquipoOctavos_13_PTOS,EquipoOctavos_14,EquipoOctavos_14_PTOS,EquipoOctavos_15,EquipoOctavos_15_PTOS,EquipoOctavos_16,EquipoOctavos_16_PTOS,EquipoCuartos_1,EquipoCuartos_1_PTOS,EquipoCuartos_2,EquipoCuartos_2_PTOS,EquipoCuartos_3,EquipoCuartos_3_PTOS,EquipoCuartos_4,EquipoCuartos_4_PTOS,EquipoCuartos_5,EquipoCuartos_5_PTOS,EquipoCuartos_6,EquipoCuartos_6_PTOS,EquipoCuartos_7,EquipoCuartos_7_PTOS,EquipoCuartos_8,EquipoCuartos_8_PTOS,EquipoSemis_1,EquipoSemis_1_PTOS,EquipoSemis_2,EquipoSemis_2_PTOS,EquipoSemis_3,EquipoSemis_3_PTOS,EquipoSemis_4,EquipoSemis_4_PTOS,EquipoFinal_1,EquipoFinal_1_PTOS,EquipoFinal_2,EquipoFinal_2_PTOS,TercerPuesto,TercerPuesto_PTOS,Subcampeon,Subcampeon_PTOS,Campeon,Campeon_PTOS,MejorJugador,MejorJugador_PTOS,MejorJugadorJoven,MejorJugadorJoven_PTOS,MejorPortero,MejorPortero_PTOS,MaximoGoleador,MaximoGoleador_PTOS,MaximoAsistente,MaximoAsistente_PTOS,MaximoGoleadorESP,MaximoGoleadorESP_PTOS,SeleccionRevelacion,SeleccionRevelacion_PTOS,SeleccionDecepcion,SeleccionDecepcion_PTOS,MinutoPrimerGol,MinutoPrimerGol_PTOS,PrimerGolESP,PrimerGolESP_PTOS
Aitor,173,135,34,4,0-0,X,,1,3-1,1,,1,0-2,2,,1,0-2,2,TRUE,0,2-3,2,,1,0-0,X,,1,2,1,1,2,3,0,4,0,1-0,1,,2,3-0,1,TRUE,4,2-3,2,,2,1-1,X,,1,1-2,2,,1,0-0,X,,1,4,1,3,2,2,0,1,1,1-1,X,TRUE,0,2-0,1,,2,2-2,X,,0,1-2,2,,1,0-0,X,TRUE,0,0-1,2,,1,3,0,4,1,1,1,2,2,2-3,2,,2,3-1,1,,2,0-0,X,,1,0-1,2,,2,0-1,2,,1,1-2,2,TRUE,3,4,1,1,0,3,1,2,1,1-1,X,,1,2-1,1,,2,2-3,2,TRUE,3,0-1,2,,1,1-1,X,,2,2-1,1,,1,4,2,1,1,2,0,3,1,0-2,2,,2,0-0,X,,1,1-2,2,,1,3-0,1,,0,3-0,1,,0,1-2,2,,0,4,0,3,2,1,1,2,0,3-0,1,,1,1-1,X,,2,2-2,X,,2,1-1,X,TRUE,4,0-2,2,,1,1-0,1,,2,4,2,1,2,2,1,3,1,2-1,1,,2,1-1,X,,1,2-0,1,,1,2-2,X,,1,1-0,1,,2,0-0,X,TRUE,3,4,1,3,0,2,1,1,2,3-0,1,,1,3-0,1,,2,2-1,1,,2,1-2,2,TRUE,0,1-0,1,,2,2-1,1,,1,3,0,4,0,1,1,2,0,2-1,1,,1,2-1,1,,2,2-0,1,,2,2-2,X,TRUE,4,3-1,1,,1,1-2,2,TRUE,3,2,1,1,1,3,0,4,0,2-1,1,,0,0-0,X,,0,1-2,2,,0,2-2,X,,2,2-1,1,,1,2-3,2,TRUE,0,1,1,2,0,4,1,3,0,2-0,1,,1,0-2,2,,0,2-1,1,TRUE,0,0-1,2,,0,0-1,2,,1,3-0,1,,0,2,2,1,2,4,1,3,1,Netherlands,1,Egypt,0,Paraguay,0,Mexico,1,Poland,0,Croatia,1,England,1,Ghana,0,Belgium,2,Venezuela,0,Tunisia,0,USA,0,Norway,1,SouthKorea,0,Denmark,1,Scotland,1,Japan,0,Canada,0,SaudiArabia,1,Cameroon,0,Morocco,0,Chile,1,Ukraine,0,Spain,1,SouthAfrica,0,NewZealand,1,Uruguay,1,Jamaica,2,Australia,1,Nigeria,0,Switzerland,2,France,1,Argentina,2,Germany,0,Chile,3,Turkey,2,Brazil,3,Tunisia,2,England,0,Japan,2,Ecuador,,SouthKorea,,Colombia,,Denmark,,SaudiArabia,,USA,,Norway,,Qatar,,Ecuador,,Chile,,Poland,,Italy,,Ukraine,,Australia,,Senegal,,Egypt,,Nigeria,,Egypt,,England,,Scotland,,Spain,,Australia,,Colombia,,Tunisia,,England,,Foden,,Endrick,,DibuMartinez,,Gakpo,,BrunoFernandes,,Morata,,Venezuela,,Qatar,,24,3,Pedri,1
Lucía,188,152,33,3,0-1,2,,1,0-0,X,,0,3-1,1,,2,2-3,2,,1,2-0,1,TRUE,0,0-0,X,,1,2,1,1,2,3,1,4,2,1-0,1,,2,1-0,1,,0,2-2,X,,2,2-0,1,,1,3-0,1,TRUE,3,0-2,2,,1,2,1,3,1,4,2,1,1,3-1,1,,3,0-0,X,,2,2-1,1,,1,1-2,2,,2,0-1,2,TRUE,4,2-0,1,,1,2,0,1,1,3,0,4,2,3-1,1,,1,1-0,1,,0,2-1,1,TRUE,3,0-2,2,,0,1-1,X,,3,0-2,2,,2,4,0,3,1,2,2,1,0,1-1,X,,1,2-0,1,,3,2-2,X,,0,1-2,2,,2,1-0,1,,1,1-0,1,TRUE,3,2,0,1,2,4,0,3,2,0-2,2,,2,0-2,2,,1,2-0,1,,1,0-2,2,,0,0-0,X,,1,1-2,2,TRUE,4,3,1,1,0,4,1,2,0,1-0,1,,0,1-2,2,,1,0-2,2,TRUE,4,0-1,2,,2,0-1,2,,2,2-0,1,,1,2,0,4,0,3,1,1,1,0-0,X,,1,0-1,2,,2,1-2,2,,2,1-0,1,,0,2-2,X,TRUE,0,3-0,1,,1,3,1,2,1,4,1,1,1,3-0,1,,1,3-0,1,TRUE,4,2-3,2,,2,0-0,X,,0,0-0,X,,0,1-2,2,,2,3,1,2,1,4,1,1,2,2-2,X,,2,2-0,1,,2,2-3,2,TRUE,3,2-3,2,,1,2-2,X,,1,0-2,2,,3,4,2,1,0,3,0,2,1,1-2,2,TRUE,3,3-1,1,,2,0-0,X,,2,2-3,2,,0,0-2,2,,2,2-2,X,,0,3,0,4,1,2,2,1,0,2-3,2,,1,2-1,1,,0,2-1,1,TRUE,0,2-3,2,,2,2-0,1,,1,1-2,2,,3,1,1,3,2,2,0,4,1,England,1,Canada,1,Australia,0,Switzerland,0,Ecuador,0,Nigeria,1,IvoryCoast,2,CostaRica,1,Brazil,0,SouthKorea,0,Italy,1,Serbia,1,Tunisia,0,Senegal,1,Venezuela,0,Mexico,1,Poland,0,Portugal,1,Uruguay,0,Ukraine,0,Turkey,2,Denmark,1,Spain,2,SaudiArabia,1,Belgium,2,NewZealand,0,Norway,1,Paraguay,1,Peru,1,Ghana,2,Netherlands,2,Japan,0,Colombia,0,Italy,3,Morocco,0,Tunisia,0,Iran,2,Senegal,2,Cameroon,0,Jamaica,0,SouthKorea,,Switzerland,,Qatar,,NewZealand,,Denmark,,Poland,,USA,,CostaRica,,NewZealand,,Tunisia,,Netherlands,,Venezuela,,Turkey,,Serbia,,England,,Germany,,IvoryCoast,,Jamaica,,Belgium,,Switzerland,,Belgium,,Mexico,,Ukraine,,Iran,,CostaRica,,Valverde,,Mainoo,,Maignan,,Kane,,Foden,,Oyarzabal,,Colombia,,Croatia,,19,2,NicoWilliams,1
Sergio,180,146,32,2,1-2,2,,1,2-0,1,,1,2-1,1,,2,1-1,X,,0,2-0,1,TRUE,4,1-0,1,,2,2,0,3,1,4,1,1,2,1-2,2,,1,0-2,2,TRUE,4,0-0,X,,0,0-1,2,,0,2-0,1,,1,0-1,2,,1,4,2,3,0,2,1,1,1,2-2,X,,2,2-1,1,TRUE,3,1-2,2,,2,1-2,2,,2,0-1,2,,1,0-0,X,,2,1,0,2,0,3,1,4,2,3-0,1,,1,1-0,1,TRUE,4,1-1,X,,1,0-1,2,,2,2-2,X,,1,2-2,X,,0,2,1,4,1,1,1,3,1,0-0,X,,2,2-0,1,,0,2-1,1,,0,3-0,1,,2,1-0,1,,1,1-1,X,TRUE,0,1,1,2,0,4,1,3,1,1-1,X,,2,2-0,1,,2,1-2,2,,2,2-0,1,,2,2-3,2,TRUE,4,2-1,1,,1,4,0,3,1,1,2,2,0,3-0,1,,2,0-1,2,TRUE,3,0-1,2,,0,2-3,2,,0,0-2,2,,2,1-0,1,,1,2,1,4,0,3,0,1,1,1-0,1,,2,3-0,1,,0,3-0,1,,0,2-3,2,,1,3-1,1,TRUE,5,1-1,X,,0,1,2,4,1,3,0,2,0,0-1,2,,0,2-3,2,,0,0-0,X,,1,2-3,2,,0,1-1,X,TRUE,4,1-2,2,,1,3,0,1,1,4,0,2,1,1-1,X,TRUE,0,2-3,2,,1,1-2,2,,1,0-2,2,,2,3-0,1,,2,3-1,1,,0,4,1,3,2,2,1,1,2,0-2,2,,1,0-0,X,,2,2-3,2,,2,1-2,2,TRUE,4,2-1,1,,2,1-0,1,,2,3,0,4,1,1,0,2,2,0-0,X,,2,3-0,1,,1,2-1,1,,2,2-3,2,,2,1-2,2,,0,0-2,2,TRUE,0,1,0,2,2,4,2,3,1,Belgium,0,Jamaica,1,England,0,Spain,0,Ecuador,0,Cameroon,0,Germany,1,IvoryCoast,0,NewZealand,2,Poland,1,Ghana,2,Italy,2,Serbia,0,Venezuela,1,Egypt,0,USA,1,Paraguay,1,SaudiArabia,0,Croatia,1,Australia,1,Portugal,0,Senegal,0,Netherlands,1,Scotland,0,Norway,1,Nigeria,0,Morocco,1,Uruguay,1,Colombia,1,Brazil,1,Argentina,2,Ukraine,1,Morocco,0,Belgium,0,Scotland,3,Colombia,0,Norway,2,Egypt,2,Argentina,2,Iran,0,Nigeria,,Italy,,NewZealand,,Canada,,SaudiArabia,,Peru,,SouthKorea,,Tunisia,,Nigeria,,Portugal,,Paraguay,,England,,Norway,,Poland,,Ghana,,Venezuela,,Denmark,,CostaRica,,Scotland,,IvoryCoast,,Brazil,,Italy,,Colombia,,SaudiArabia,,Iran,,Musiala,,Yamal,,Livakovic,,Mbappe,,Pedri,,Yamal,,Canada,,Qatar,,21,2,Joselu,0
Marta,159,124,34,1,2-2,X,TRUE,3,2-0,1,,1,3-1,1,,0,2-0,1,,1,1-0,1,,2,1-0,1,,1,1,1,3,1,2,0,4,0,3-0,1,,1,2-0,1,,1,3-0,1,,2,1-2,2,TRUE,3,0-0,X,,0,3-1,1,,1,2,1,3,1,1,1,4,0,2-0,1,,0,0-2,2,,1,2-2,X,,1,1-0,1,,1,2-1,1,,0,2-1,1,TRUE,3,1,2,4,1,3,0,2,0,0-1,2,,0,2-0,1,,3,0-0,X,,2,2-3,2,TRUE,5,2-3,2,,1,3-0,1,,2,4,0,1,0,2,0,3,1,0-1,2,,1,2-0,1,,1,1-1,X,,0,1-0,1,TRUE,0,0-0,X,,2,1-2,2,,1,1,0,4,1,3,0,2,0,1-0,1,,1,1-1,X,,0,0-0,X,,2,1-2,2,,0,2-2,X,,1,1-0,1,TRUE,4,3,0,2,0,4,2,1,2,2-0,1,,1,2-1,1,,1,2-3,2,TRUE,4,2-2,X,,0,3-0,1,,2,1-1,X,,1,2,0,4,0,1,0,3,1,0-1,2,,0,3-1,1,,1,3-0,1,TRUE,4,2-0,1,,0,1-0,1,,0,1-1,X,,1,1,0,3,0,2,1,4,0,3-0,1,,1,0-1,2,,0,0-2,2,TRUE,3,1-2,2,,2,1-1,X,,0,2-3,2,,0,4,2,3,2,2,0,1,0,0-0,X,,2,0-2,2,,2,0-1,2,TRUE,3,2-1,1,,2,0-2,2,,0,1-2,2,,1,3,0,1,1,2,2,4,0,3-0,1,,2,2-0,1,TRUE,0,2-0,1,,0,0-2,2,,1,0-0,X,,0,3-1,1,,0,3,2,4,1,2,1,1,1,0-2,2,,1,1-0,1,,1,2-1,1,,1,2-1,1,,1,0-1,2,TRUE,5,1-1,X,,0,1,0,3,1,2,2,4,2,CostaRica,2,NewZealand,1,Scotland,0,Switzerland,1,Croatia,1,Venezuela,0,Ghana,1,Brazil,1,SouthAfrica,2,Paraguay,0,Colombia,0,Netherlands,0,Iran,0,Japan,2,Algeria,0,Tunisia,1,France,1,Denmark,1,Peru,1,Spain,2,Jamaica,1,SouthKorea,0,Senegal,0,Belgium,0,Chile,0,Norway,1,Poland,0,Qatar,1,Italy,0,Cameroon,1,Turkey,1,England,2,Colombia,3,Chile,0,SaudiArabia,0,Spain,0,CostaRica,2,Serbia,3,Netherlands,2,Belgium,0,Morocco,,IvoryCoast,,Australia,,Algeria,,England,,SouthKorea,,Qatar,,Iran,,Portugal,,Morocco,,NewZealand,,Argentina,,Ecuador,,IvoryCoast,,Egypt,,Iran,,Paraguay,,NewZealand,,Egypt,,Ukraine,,Peru,,Croatia,,Brazil,,Spain,,Germany,,Vinicius,,Endrick,,Maignan,,Kane,,Valverde,,Joselu,,Colombia,,Serbia,,24,0,Joselu,1
Dani,171,138,33,0,0-0,X,,1,2-1,1,,0,2-0,1,TRUE,3,1-0,1,,1,3-0,1,,1,0-1,2,,2,2,0,3,2,1,0,4,0,3-0,1,,2,2-2,X,TRUE,0,1-2,2,,2,2-1,1,,3,1-1,X,,3,0-2,2,,1,3,2,2,0,4,0,1,0,3-1,1,,0,0-0,X,,0,1-1,X,,2,0-2,2,,1,2-2,X,,2,0-2,2,TRUE,3,4,0,3,0,1,2,2,2,0-1,2,,1,1-2,2,,0,0-0,X,,2,1-1,X,TRUE,3,3-1,1,,1,2-1,1,,2,1,0,2,0,4,1,3,1,1-2,2,,0,0-1,2,,0,1-1,X,TRUE,3,1-1,X,,0,2-1,1,,2,0-0,X,,3,2,1,3,1,1,0,4,1,1-2,2,,2,2-3,2,,2,2-3,2,,3,1-2,2,,1,2-3,2,TRUE,3,0-1,2,,0,4,1,3,1,1,0,2,1,2-0,1,,2,2-0,1,,1,0-0,X,,1,2-0,1,,1,2-3,2,,0,1-0,1,TRUE,4,3,1,1,1,2,1,4,0,0-0,X,TRUE,0,1-0,1,,2,3-0,1,,1,2-3,2,,0,3-0,1,,0,2-1,1,,1,3,0,1,1,4,0,2,1,3-1,1,TRUE,4,0-1,2,,0,2-2,X,,2,3-1,1,,1,2-1,1,,1,1-1,X,,2,4,2,1,1,2,1,3,1,1-1,X,TRUE,4,2-0,1,,2,2-3,2,,2,2-1,1,,1,0-1,2,,1,2-1,1,,2,4,1,2,0,3,1,1,1,3-1,1,,1,3-1,1,,0,3-0,1,,0,1-0,1,TRUE,3,2-2,X,,1,0-0,X,,2,2,0,4,0,1,0,3,1,0-1,2,,0,2-1,1,,2,2-3,2,TRUE,3,0-2,2,,1,0-2,2,,0,1-1,X,,0,4,0,2,1,3,2,1,2,Australia,1,Portugal,0,Qatar,0,Poland,0,Chile,2,SouthAfrica,0,Morocco,2,Scotland,1,Egypt,1,Paraguay,2,Spain,2,CostaRica,1,Italy,0,IvoryCoast,0,Ukraine,1,Argentina,2,Colombia,1,Croatia,0,Turkey,1,Norway,1,Jamaica,1,Senegal,2,USA,0,SouthKorea,0,Denmark,0,Venezuela,0,Peru,2,Cameroon,0,Serbia,1,France,0,NewZealand,2,Japan,1,Italy,0,IvoryCoast,0,Senegal,2,Ukraine,0,Paraguay,2,France,2,Australia,0,Portugal,0,Morocco,,Ecuador,,Peru,,Japan,,Spain,,USA,,Venezuela,,SaudiArabia,,Senegal,,Colombia,,Egypt,,Denmark,,Brazil,,Spain,,Tunisia,,IvoryCoast,,Turkey,,Senegal,,Iran,,Brazil,,Portugal,,IvoryCoast,,SouthAfrica,,Poland,,Qatar,,Musiala,,Mainoo,,DiogoCosta,,Vinicius,,Foden,,Oyarzabal,,Senegal,,Poland,,20,0,Olmo,0
Irene,182,141,38,3,3-0,1,,1,2-2,X,,0,3-1,1,,1,0-0,X,,1,3-0,1,TRUE,4,2-2,X,,2,1,0,2,1,4,1,3,1,2-3,2,,1,2-3,2,,0,1-2,2,,1,0-1,2,,2,3-1,1,TRUE,3,2-0,1,,2,3,2,2,1,4,0,1,2,3-1,1,,1,3-1,1,TRUE,0,2-3,2,,1,0-2,2,,1,0-0,X,,0,1-1,X,,0,2,0,3,1,1,1,4,2,1-2,2,,0,0-1,2,,2,0-2,2,,0,2-2,X,,2,0-1,2,TRUE,3,2-0,1,,2,3,0,4,1,1,1,2,1,1-0,1,,0,0-2,2,,2,0-0,X,,0,0-0,X,,0,0-0,X,,2,1-0,1,TRUE,0,4,2,3,1,1,0,2,0,1-2,2,,1,2-0,1,,3,2-2,X,,1,0-0,X,,1,1-2,2,TRUE,3,1-0,1,,2,4,1,3,1,1,1,2,1,1-1,X,,0,3-1,1,,1,1-0,1,TRUE,5,2-2,X,,1,1-0,1,,1,1-0,1,,3,4,0,2,1,3,1,1,2,0-1,2,,0,0-0,X,,1,0-1,2,,0,3-0,1,,0,1-2,2,,0,0-1,2,TRUE,3,1,1,4,1,3,2,2,0,2-1,1,,1,2-1,1,,2,0-0,X,TRUE,3,3-1,1,,0,2-0,1,,1,3-1,1,,0,4,1,1,1,3,1,2,1,0-2,2,,1,1-1,X,,0,3-1,1,,1,1-2,2,TRUE,3,1-0,1,,0,2-3,2,,1,1,2,2,0,3,0,4,2,1-0,1,TRUE,5,1-1,X,,1,2-0,1,,1,0-2,2,,2,2-3,2,,2,2-3,2,,3,3,1,2,0,1,2,4,0,2-1,1,TRUE,3,2-1,1,,3,2-3,2,,2,1-1,X,,1,1-0,1,,0,2-1,1,,1,3,0,2,1,4,1,1,1,Chile,1,Switzerland,0,NewZealand,1,Jamaica,1,Netherlands,0,Scotland,2,Denmark,0,Portugal,1,SouthKorea,1,Egypt,2,Tunisia,0,Germany,1,Norway,0,Uruguay,1,Colombia,1,SouthAfrica,0,Ghana,0,Turkey,1,CostaRica,0,Senegal,0,Qatar,0,England,1,SaudiArabia,1,Japan,0,USA,1,Poland,0,Nigeria,2,Venezuela,1,Australia,1,Croatia,1,France,0,Canada,2,Paraguay,2,Qatar,3,Nigeria,0,NewZealand,0,Chile,2,Argentina,3,France,3,England,2,Japan,,Uruguay,,Portugal,,Canada,,Egypt,,Algeria,,Serbia,,Iran,,Canada,,Netherlands,,Poland,,Mexico,,Qatar,,Switzerland,,USA,,Ghana,,Ghana,,Scotland,,Ecuador,,Senegal,,Norway,,IvoryCoast,,Venezuela,,Portugal,,Italy,,Valverde,,Endrick,,Livakovic,,Gakpo,,BrunoFernandes,,NicoWilliams,,Senegal,,Mexico,,23,3,Yamal,0
Pablo,173,130,41,2,0-1,2,TRUE,0,2-2,X,,1,2-2,X,,1,3-0,1,,0,1-2,2,,0,2-1,1,,1,4,1,3,1,1,1,2,0,0-1,2,,0,2-1,1,TRUE,3,2-0,1,,1,3-1,1,,0,1-0,1,,1,2-1,1,,0,2,0,3,1,4,1,1,1,1-0,1,,1,2-1,1,TRUE,3,2-0,1,,1,1-1,X,,1,0-2,2,,2,0-2,2,,2,4,1,1,1,2,2,3,0,0-2,2,,1,0-2,2,TRUE,3,0-0,X,,2,1-0,1,,3,2-0,1,,0,3-0,1,,1,3,0,2,0,1,0,4,2,1-1,X,,3,0-2,2,TRUE,0,2-1,1,,2,0-1,2,,0,2-0,1,,2,1-2,2,,1,4,0,1,0,2,1,3,0,2-2,X,,2,0-0,X,,1,0-0,X,,2,3-0,1,,0,0-0,X,TRUE,5,1-0,1,,2,4,1,3,1,2,0,1,1,0-0,X,,1,0-0,X,,1,2-0,1,TRUE,0,0-1,2,,1,2-2,X,,0,2-3,2,,2,2,1,3,1,1,1,4,1,1-0,1,TRUE,3,0-0,X,,0,2-3,2,,2,2-1,1,,2,2-0,1,,2,1-2,2,,0,2,2,1,1,4,1,3,2,1-0,1,TRUE,3,2-1,1,,1,0-2,2,,1,2-2,X,,1,0-0,X,,0,0-2,2,,0,4,2,3,1,1,2,2,2,0-0,X,,1,1-2,2,,1,2-2,X,TRUE,0,3-0,1,,2,0-1,2,,1,3-1,1,,2,2,0,1,1,4,2,3,1,2-2,X,TRUE,4,2-3,2,,2,1-1,X,,0,3-1,1,,1,2-1,1,,3,0-0,X,,0,4,0,2,1,3,0,1,0,2-1,1,TRUE,4,0-1,2,,0,0-0,X,,1,2-2,X,,1,2-1,1,,1,1-2,2,,0,2,0,1,0,3,0,4,0,Algeria,1,Australia,1,Serbia,0,Japan,2,Netherlands,1,NewZealand,0,Canada,0,Egypt,1,Belgium,1,Senegal,0,IvoryCoast,2,Ecuador,2,SouthAfrica,2,SouthKorea,1,Morocco,1,Tunisia,1,Italy,0,Chile,0,Scotland,1,England,2,Spain,1,Ghana,1,Uruguay,0,Switzerland,0,Paraguay,1,Ukraine,1,Turkey,1,Portugal,2,Qatar,1,SaudiArabia,1,Iran,1,Norway,2,Turkey,0,Morocco,2,USA,0,Switzerland,2,Italy,3,Australia,0,Tunisia,0,SouthKorea,3,Denmark,,Ecuador,,Senegal,,Qatar,,Belgium,,Paraguay,,Egypt,,CostaRica,,Switzerland,,Qatar,,Nigeria,,Serbia,,England,,CostaRica,,Peru,,Mexico,,SouthKorea,,Italy,,Mexico,,Ecuador,,Mexico,,Ghana,,Spain,,SouthKorea,,Portugal,,Pedri,,Tel,,Alisson,,Haaland,,Bellingham,,Pedri,,Japan,,Uruguay,,13,2,Olmo,0
Noa,180,143,37,0,3-1,1,,3,1-2,2,,1,0-2,2,TRUE,0,2-0,1,,0,2-1,1,,2,1-2,2,,1,3,1,4,0,1,1,2,0,1-0,1,,0,0-0,X,,0,2-1,1,,1,2-2,X,TRUE,3,0-0,X,,0,2-3,2,,0,1,1,3,2,4,1,2,0,0-2,2,,2,0-1,2,,2,0-0,X,,0,0-1,2,,1,1-1,X,,2,3-1,1,TRUE,4,4,1,2,2,3,0,1,1,3-1,1,,1,1-2,2,,0,3-0,1,,1,1-0,1,,2,1-0,1,,0,0-0,X,TRUE,0,3,2,4,2,1,1,2,1,2-3,2,,2,2-0,1,,0,1-0,1,,1,3-0,1,,2,0-1,2,,2,2-3,2,TRUE,0,1,1,2,0,3,2,4,0,0-1,2,,1,3-0,1,,1,3-0,1,,2,1-1,X,TRUE,3,3-1,1,,1,0-2,2,,1,1,2,2,0,4,1,3,2,3-1,1,,0,2-0,1,,1,3-0,1,,1,2-2,X,,2,3-0,1,,1,2-0,1,TRUE,5,3,0,1,1,4,1,2,1,2-1,1,,2,2-1,1,TRUE,3,0-1,2,,1,3-0,1,,1,3-0,1,,0,2-1,1,,1,2,1,3,1,1,1,4,1,2-3,2,,0,0-1,2,,1,2-3,2,,0,3-0,1,,2,1-2,2,,2,2-3,2,TRUE,4,2,1,3,0,4,1,1,2,1-1,X,,2,3-1,1,,1,1-1,X,,2,3-1,1,,1,0-1,2,,1,1-0,1,TRUE,0,4,0,2,1,1,1,3,1,1-0,1,,3,1-2,2,TRUE,4,0-2,2,,1,1-2,2,,3,1-1,X,,2,3-0,1,,1,4,0,1,0,3,1,2,2,2-0,1,TRUE,3,0-0,X,,1,2-2,X,,1,3-1,1,,0,2-0,1,,1,3-1,1,,1,4,2,3,1,2,2,1,0,USA,0,Iran,0,Uruguay,0,Egypt,1,Japan,2,Ukraine,2,Chile,1,Morocco,1,Norway,0,Colombia,0,CostaRica,1,Canada,0,Cameroon,1,Turkey,2,Argentina,0,Italy,1,Senegal,2,Algeria,0,Nigeria,2,Australia,0,Denmark,0,Jamaica,0,Belgium,2,SouthAfrica,1,Ecuador,1,Venezuela,0,Spain,1,Peru,2,NewZealand,1,Portugal,1,England,0,France,2,IvoryCoast,2,Algeria,2,USA,2,Spain,2,Nigeria,0,Mexico,2,SouthKorea,0,Serbia,0,Brazil,,SaudiArabia,,Senegal,,Croatia,,Jamaica,,Paraguay,,Ghana,,Venezuela,,Algeria,,France,,Brazil,,Uruguay,,CostaRica,,Egypt,,Portugal,,Argentina,,Netherlands,,Morocco,,Iran,,Cameroon,,Switzerland,,Paraguay,,France,,Serbia,,Senegal,,Pedri,,Guler,,Maignan,,Mbappe,,Pedri,,Morata,,Colombia,,Belgium,,17,0,NicoWilliams,0
Javi,183,150,30,3,2-1,1,,1,2-0,1,,0,1-0,1,,0,0-2,2,,0,0-2,2,,1,0-2,2,TRUE,3,4,0,2,0,1,0,3,0,2-1,1,,2,1-0,1,,1,0-0,X,,3,1-2,2,TRUE,4,0-1,2,,1,2-1,1,,2,1,2,2,1,3,2,4,1,2-0,1,,3,2-0,1,,0,3-0,1,,0,3-0,1,,2,0-1,2,,1,2-1,1,TRUE,3,4,1,1,1,3,1,2,0,1-2,2,,1,0-0,X,,2,3-1,1,,1,2-1,1,,1,2-1,1,,0,0-2,2,TRUE,3,3,0,2,1,4,1,1,1,2-2,X,,0,0-1,2,,2,2-0,1,TRUE,0,2-0,1,,1,1-0,1,,1,2-2,X,,0,1,1,4,0,2,1,3,2,0-2,2,,1,3-1,1,TRUE,4,1-1,X,,0,1-1,X,,2,3-1,1,,1,0-2,2,,1,1,1,2,2,3,0,4,1,2-0,1,,1,3-0,1,,3,1-1,X,,1,0-2,2,,1,2-3,2,TRUE,3,2-1,1,,2,4,0,1,1,3,0,2,1,2-2,X,,1,0-1,2,TRUE,3,1-0,1,,1,1-2,2,,0,2-1,1,,2,0-0,X,,1,3,1,2,1,4,1,1,1,2-0,1,,2,2-1,1,,2,2-0,1,TRUE,3,0-0,X,,2,3-0,1,,1,2-0,1,,2,2,1,3,2,1,2,4,1,0-1,2,,1,0-1,2,,1,1-2,2,,2,1-1,X,TRUE,3,2-2,X,,1,3-0,1,,1,4,1,1,0,3,0,2,2,2-2,X,,2,2-3,2,,0,3-0,1,,1,0-0,X,,2,3-1,1,,2,0-1,2,TRUE,4,3,1,1,0,2,1,4,0,3-1,1,,2,1-1,X,,2,1-2,2,TRUE,5,2-1,1,,1,3-1,1,,2,2-2,X,,0,3,0,2,0,4,2,1,0,Ukraine,0,Qatar,1,CostaRica,1,Morocco,1,Iran,0,Turkey,1,Ecuador,0,SouthKorea,0,Mexico,1,Poland,0,Senegal,0,Nigeria,1,SouthAfrica,1,Netherlands,0,Jamaica,1,Belgium,1,Italy,0,Germany,1,Portugal,1,USA,1,Argentina,0,England,1,Spain,0,Cameroon,2,Norway,0,Colombia,0,Algeria,1,Denmark,0,Egypt,1,Scotland,0,NewZealand,2,Peru,1,Jamaica,2,Turkey,0,Egypt,3,Morocco,3,Argentina,2,Croatia,0,Qatar,0,Paraguay,0,CostaRica,,Senegal,,IvoryCoast,,Ecuador,,Uruguay,,Canada,,Algeria,,Serbia,,Norway,,France,,Nigeria,,CostaRica,,England,,Paraguay,,Canada,,Japan,,England,,Senegal,,Poland,,NewZealand,,Switzerland,,Germany,,Venezuela,,Ukraine,,Ghana,,Musiala,,Mainoo,,Alisson,,Mbappe,,Valverde,,Pedri,,Colombia,,Belgium,,3,3,Pedri,0
Paula,191,160,30,1,0-2,2,TRUE,5,1-1,X,,1,0-1,2,,2,1-1,X,,2,1-1,X,,2,0-1,2,,1,2,1,4,2,1,1,3,1,2-1,1,,1,2-1,1,,0,2-3,2,,1,1-1,X,,2,0-0,X,,1,2-3,2,TRUE,4,4,2,2,1,3,0,1,1,1-2,2,,1,2-0,1,TRUE,4,2-3,2,,2,2-2,X,,1,1-2,2,,1,0-1,2,,2,2,1,4,1,1,1,3,1,0-0,X,,2,2-0,1,,1,3-1,1,TRUE,0,3-1,1,,0,0-2,2,,3,0-1,2,,1,1,1,4,2,2,0,3,1,1-2,2,,2,0-1,2,,2,0-2,2,TRUE,0,3-1,1,,2,1-0,1,,3,2-1,1,,1,1,2,2,2,4,1,3,0,1-1,X,TRUE,3,3-1,1,,1,0-1,2,,2,1-1,X,,1,3-0,1,,3,2-2,X,,0,1,0,3,1,2,0,4,1,0-1,2,,2,1-0,1,,0,3-1,1,,0,0-2,2,,2,2-2,X,,1,2-3,2,TRUE,3,1,1,3,1,4,0,2,0,1-0,1,TRUE,4,2-0,1,,1,2-2,X,,2,0-2,2,,1,3-0,1,,2,2-3,2,,2,2,1,3,1,4,1,1,0,0-1,2,,2,0-2,2,,1,3-1,1,,2,1-2,2,TRUE,4,1-2,2,,1,2-0,1,,2,4,2,3,1,2,1,1,0,1-0,1,,0,2-2,X,,2,2-2,X,,0,1-1,X,TRUE,4,2-2,X,,1,1-0,1,,1,3,1,2,1,1,1,4,1,2-1,1,,1,2-1,1,,0,0-2,2,,2,0-0,X,,0,0-1,2,TRUE,4,2-1,1,,1,1,1,3,0,4,2,2,1,1-1,X,,1,1-1,X,,2,2-1,1,,0,2-1,1,,1,3-0,1,,0,0-0,X,TRUE,4,4,1,3,0,1,1,2,1,Peru,0,Mexico,1,Italy,1,Paraguay,0,Spain,0,Venezuela,0,Denmark,1,Ukraine,1,Germany,1,Iran,2,Tunisia,0,Netherlands,0,Switzerland,2,Serbia,0,Ecuador,0,SouthKorea,1,Cameroon,0,Canada,1,CostaRica,1,Egypt,0,England,0,SaudiArabia,0,France,1,Ghana,0,Morocco,0,SouthAfrica,1,Nigeria,2,Croatia,0,Uruguay,1,Colombia,2,NewZealand,0,USA,1,Morocco,0,Paraguay,0,Spain,3,SouthAfrica,2,England,2,Qatar,3,USA,0,Ukraine,0,Uruguay,,Iran,,Canada,,Peru,,Poland,,Cameroon,,Ghana,,SaudiArabia,,Mexico,,Jamaica,,Venezuela,,SouthAfrica,,Colombia,,Nigeria,,Uruguay,,England,,Netherlands,,CostaRica,,Algeria,,England,,Germany,,Nigeria,,Ukraine,,Poland,,Belgium,,Bellingham,,Mainoo,,DibuMartinez,,Osimhen,,DeBruyne,,Morata,,Australia,,Poland,,8,0,Joselu,1
Álvaro,164,132,31,1,1-1,X,,3,1-1,X,,0,0-2,2,TRUE,3,2-2,X,,1,1-0,1,,2,1-2,2,,0,3,1,2,1,1,1,4,0,0-0,X,TRUE,0,3-0,1,,0,2-2,X,,1,1-2,2,,0,2-1,1,,1,3-1,1,,2,4,1,3,0,1,1,2,0,2-2,X,,2,0-0,X,TRUE,0,2-0,1,,1,2-0,1,,2,1-2,2,,2,0-0,X,,1,3,0,4,1,1,0,2,0,2-0,1,,3,3-0,1,,1,2-3,2,,1,2-1,1,,0,2-2,X,,2,2-0,1,TRUE,4,1,2,4,1,2,1,3,0,0-0,X,,2,0-2,2,,1,3-0,1,TRUE,3,0-2,2,,1,0-0,X,,2,0-2,2,,0,4,1,1,1,3,0,2,0,0-2,2,,2,2-3,2,,1,0-0,X,,0,1-1,X,,1,0-1,2,TRUE,0,0-0,X,,1,4,0,1,1,3,2,2,1,0-1,2,,0,1-1,X,,1,3-0,1,TRUE,3,3-1,1,,2,0-1,2,,0,2-0,1,,1,2,0,3,1,4,1,1,1,3-1,1,,1,0-0,X,,1,2-0,1,TRUE,4,1-1,X,,3,2-0,1,,2,2-3,2,,1,2,0,1,1,4,1,3,1,0-0,X,,0,2-2,X,,2,0-2,2,,1,3-1,1,TRUE,4,3-1,1,,1,2-1,1,,2,2,2,3,1,4,1,1,0,1-2,2,,1,1-1,X,,0,2-2,X,,0,3-1,1,,0,0-1,2,,2,0-2,2,TRUE,0,3,1,1,1,4,0,2,1,2-1,1,,2,1-2,2,,1,2-0,1,,1,3-1,1,TRUE,4,2-3,2,,1,0-2,2,,0,3,0,1,1,2,1,4,0,2-1,1,TRUE,3,1-0,1,,1,0-2,2,,2,0-2,2,,2,2-0,1,,0,1-1,X,,1,2,2,3,2,4,0,1,1,France,0,Uruguay,1,Canada,0,Cameroon,0,Croatia,0,Algeria,1,Switzerland,0,Brazil,0,Colombia,1,Serbia,1,SaudiArabia,1,England,0,Scotland,0,Turkey,0,Portugal,0,Peru,2,Mexico,1,Jamaica,1,CostaRica,2,Belgium,2,Italy,1,SouthKorea,1,Venezuela,0,Chile,1,Netherlands,1,Senegal,2,Australia,0,Ecuador,2,IvoryCoast,1,Ghana,2,Morocco,1,Norway,0,Ghana,2,Japan,0,Germany,0,Australia,2,Switzerland,0,Portugal,0,Norway,2,NewZealand,0,SouthKorea,,Mexico,,Brazil,,Poland,,Egypt,,Argentina,,Peru,,Iran,,Colombia,,Japan,,Serbia,,USA,,Scotland,,Qatar,,Cameroon,,Switzerland,,USA,,Scotland,,England,,Spain,,Uruguay,,England,,Nigeria,,CostaRica,,Canada,,Musiala,,Echeverri,,DiogoCosta,,JulianAlvarez,,BrunoFernandes,,Joselu,,Senegal,,Croatia,,5,0,Pedri,1
Nerea,158,131,26,1,2-2,X,,2,2-2,X,,1,3-0,1,,0,1-2,2,,1,3-1,1,,2,0-2,2,TRUE,3,3,0,2,2,4,1,1,0,2-0,1,,2,1-1,X,TRUE,4,1-0,1,,2,2-0,1,,1,1-0,1,,0,0-1,2,,1,1,1,4,1,2,1,3,2,3-1,1,,0,1-0,1,,1,2-3,2,,1,1-2,2,,2,2-0,1,TRUE,0,2-1,1,,0,3,0,1,0,4,2,2,1,0-0,X,,2,1-0,1,,1,3-0,1,,1,2-2,X,TRUE,4,2-3,2,,1,3-1,1,,2,2,2,1,1,3,0,4,1,0-2,2,,2,2-1,1,,1,1-2,2,TRUE,3,0-0,X,,2,1-2,2,,0,2-2,X,,0,3,0,1,1,2,1,4,2,2-1,1,,0,0-0,X,TRUE,4,3-0,1,,1,2-1,1,,1,1-1,X,,0,1-2,2,,2,1,1,2,0,3,1,4,0,1-0,1,,1,1-0,1,,2,0-1,2,TRUE,0,0-0,X,,3,2-1,1,,2,0-0,X,,2,2,0,1,2,4,1,3,2,3-1,1,,0,0-2,2,,0,2-1,1,,1,0-1,2,,1,2-1,1,TRUE,0,1-0,1,,2,3,0,2,1,1,1,4,0,2-2,X,,1,0-0,X,,0,2-0,1,,0,1-1,X,,0,0-2,2,TRUE,3,2-1,1,,0,2,0,4,1,1,0,3,0,0-1,2,,1,0-2,2,,0,1-0,1,,1,2-1,1,,3,0-0,X,TRUE,0,1-0,1,,1,3,1,4,1,1,0,2,1,3-0,1,,1,2-0,1,,1,3-0,1,,1,2-0,1,,3,1-2,2,TRUE,3,0-2,2,,2,4,2,3,1,1,1,2,0,0-0,X,,1,3-0,1,,0,3-0,1,TRUE,3,2-1,1,,2,3-1,1,,1,0-0,X,,0,2,1,3,0,1,1,4,1,NewZealand,0,Morocco,2,USA,0,Serbia,1,Nigeria,1,Senegal,0,Egypt,1,Uruguay,0,Iran,1,Denmark,1,Tunisia,0,Scotland,0,Switzerland,0,Jamaica,1,Germany,0,Ghana,1,Portugal,0,Croatia,0,Norway,0,Cameroon,0,Mexico,1,Brazil,0,CostaRica,0,SaudiArabia,1,Poland,0,SouthKorea,0,Turkey,2,Peru,2,IvoryCoast,0,Ukraine,2,Spain,2,Colombia,1,Morocco,2,Canada,0,Tunisia,0,CostaRica,0,France,0,Belgium,2,England,0,Argentina,2,Portugal,,Ghana,,Mexico,,SaudiArabia,,Algeria,,Paraguay,,Cameroon,,Jamaica,,Italy,,SaudiArabia,,USA,,Turkey,,Morocco,,Australia,,Jamaica,,Canada,,Nigeria,,Japan,,Morocco,,Egypt,,Ukraine,,Portugal,,SouthAfrica,,Tunisia,,SaudiArabia,,Foden,,Endrick,,DibuMartinez,,Haaland,,Foden,,Joselu,,Senegal,,Serbia,,2,0,Olmo,1
Diego,165,135,29,1,2-1,1,,1,3-0,1,,0,0-1,2,TRUE,0,2-2,X,,1,1-1,X,,1,2-3,2,,0,4,1,3,1,1,2,2,1,0-0,X,,0,1-0,1,,0,0-1,2,,0,0-1,2,TRUE,3,1-1,X,,1,1-0,1,,0,3,0,1,0,2,1,4,1,0-2,2,TRUE,3,0-0,X,,1,1-0,1,,0,3-0,1,,1,0-0,X,,1,2-3,2,,1,4,0,2,1,3,1,1,1,2-2,X,,1,3-1,1,,2,3-1,1,,2,1-2,2,,1,1-0,1,TRUE,3,3-1,1,,1,2,0,1,1,3,1,4,1,0-0,X,TRUE,5,3-0,1,,1,0-2,2,,0,1-2,2,,2,2-3,2,,3,1-1,X,,1,1,1,4,2,2,0,3,0,3-0,1,,2,2-0,1,TRUE,3,1-0,1,,0,2-2,X,,0,3-0,1,,1,3-0,1,,0,3,2,1,2,4,1,2,2,0-0,X,,1,1-0,1,TRUE,4,3-1,1,,2,0-1,2,,1,2-3,2,,0,1-0,1,,3,1,1,4,1,3,1,2,1,2-0,1,,2,3-0,1,,3,3-0,1,,2,1-2,2,,1,2-1,1,,1,1-0,1,TRUE,3,2,0,3,2,1,1,4,1,2-3,2,,3,2-3,2,,2,2-0,1,,0,2-3,2,TRUE,3,0-2,2,,0,1-0,1,,1,1,0,3,1,4,2,2,1,3-1,1,,1,0-0,X,,1,2-3,2,TRUE,3,1-2,2,,0,1-1,X,,1,2-1,1,,2,3,0,2,0,4,1,1,0,0-2,2,,2,1-2,2,,2,2-0,1,,1,2-0,1,,2,0-2,2,,0,2-2,X,TRUE,0,1,0,4,1,2,2,3,0,0-1,2,TRUE,0,1-2,2,,0,0-1,2,,1,0-0,X,,2,2-2,X,,1,2-2,X,,0,3,2,4,0,2,1,1,0,Poland,1,Germany,1,Mexico,0,England,0,Egypt,1,Senegal,0,Canada,0,SaudiArabia,0,Spain,0,CostaRica,0,Scotland,0,Switzerland,1,Argentina,0,Norway,0,Algeria,0,Japan,1,Qatar,0,Jamaica,0,Denmark,0,Portugal,2,Chile,0,Belgium,2,Morocco,2,Australia,2,SouthKorea,1,Nigeria,1,France,2,Iran,2,NewZealand,1,Italy,2,Venezuela,0,Croatia,1,Brazil,2,Chile,0,Australia,0,Japan,0,Iran,0,Spain,0,England,2,Argentina,2,Uruguay,,Croatia,,Tunisia,,USA,,Belgium,,Switzerland,,Peru,,Turkey,,Uruguay,,Chile,,Switzerland,,SouthKorea,,Serbia,,Venezuela,,Ghana,,CostaRica,,Ukraine,,Egypt,,Italy,,Paraguay,,Australia,,Egypt,,IvoryCoast,,Cameroon,,Turkey,,Bellingham,,Echeverri,,UnaiSimon,,Kane,,Foden,,NicoWilliams,,Colombia,,Serbia,,14,0,NicoWilliams,1
Carla,198,150,44,4,1-1,X,,2,2-2,X,,2,2-3,2,TRUE,4,3-0,1,,1,0-1,2,,2,1-1,X,,2,2,0,1,0,4,1,3,1,2-1,1,,1,0-0,X,,2,2-1,1,TRUE,3,3-1,1,,0,3-0,1,,2,2-1,1,,2,4,2,2,1,3,1,1,0,2-0,1,,0,3-0,1,TRUE,4,1-0,1,,1,2-2,X,TRUE,3,2-2,X,,1,0-1,2,,2,4,1,3,1,2,0,1,2,3-0,1,,0,0-2,2,,0,2-2,X,,1,1-0,1,,1,2-2,X,,0,3-1,1,TRUE,4,1,2,3,1,2,2,4,1,2-2,X,,2,1-1,X,,1,2-0,1,TRUE,4,0-1,2,,3,0-2,2,,0,0-2,2,,0,4,1,3,1,1,2,2,0,2-2,X,,2,1-0,1,,1,2-1,1,,2,0-2,2,TRUE,4,2-0,1,,0,2-3,2,,1,3,0,1,1,4,1,2,0,1-1,X,,0,0-2,2,,0,3-0,1,,0,2-0,1,TRUE,3,1-2,2,,0,2-2,X,,0,2,1,1,1,3,1,4,2,1-2,2,,2,2-2,X,,2,1-0,1,,2,0-2,2,TRUE,3,3-1,1,,1,3-0,1,,0,2,2,1,2,3,1,4,0,2-2,X,TRUE,3,0-1,2,,3,0-0,X,,1,2-1,1,,2,2-0,1,,1,3-0,1,,1,2,1,4,1,1,0,3,2,0-1,2,,1,0-0,X,,1,2-0,1,,0,3-1,1,TRUE,0,3-0,1,,0,0-2,2,,1,3,1,2,0,4,0,1,0,1-0,1,,0,3-1,1,,1,2-0,1,TRUE,4,2-3,2,,0,1-1,X,,2,0-2,2,,2,2,1,3,0,1,1,4,0,0-2,2,,2,1-0,1,,1,0-0,X,,0,1-1,X,TRUE,4,3-1,1,,2,2-0,1,,2,3,0,4,2,2,0,1,2,Portugal,0,Australia,0,Jamaica,1,Ukraine,2,Norway,1,NewZealand,0,Croatia,0,Mexico,0,USA,0,Netherlands,0,Uruguay,2,SouthKorea,1,Colombia,2,Ecuador,2,Nigeria,1,Germany,1,Iran,0,Algeria,0,Turkey,0,Senegal,2,Switzerland,1,Poland,1,Belgium,1,Argentina,0,Brazil,2,Spain,2,Tunisia,1,Scotland,1,Ghana,1,Denmark,0,Italy,2,Japan,2,USA,0,Qatar,3,Jamaica,3,Poland,0,Japan,2,SouthKorea,2,IvoryCoast,2,France,3,Egypt,,Nigeria,,Ghana,,NewZealand,,Netherlands,,Mexico,,Norway,,Iran,,Ghana,,Mexico,,Iran,,Algeria,,Paraguay,,Switzerland,,Canada,,SaudiArabia,,Netherlands,,Argentina,,Germany,,Paraguay,,Algeria,,Qatar,,Chile,,Morocco,,England,,Musiala,,Endrick,,Livakovic,,JulianAlvarez,,BrunoFernandes,,NicoWilliams,,Ecuador,,Denmark,,3,3,Olmo,1
Hugo,151,116,33,2,1-0,1,,2,2-0,1,,0,2-3,2,,0,1-0,1,TRUE,3,1-2,2,,0,3-1,1,,1,2,0,3,0,1,1,4,1,0-0,X,TRUE,0,2-3,2,,2,3-1,1,,1,2-0,1,,0,0-2,2,,1,2-1,1,,1,2,0,3,0,4,0,1,0,3-1,1,,1,0-2,2,,1,1-1,X,,0,2-2,X,,2,1-1,X,,1,2-1,1,TRUE,0,2,0,3,2,1,1,4,1,0-1,2,,3,3-1,1,,2,0-2,2,TRUE,4,3-1,1,,0,2-0,1,,1,1-2,2,,1,4,1,2,0,3,0,1,0,2-0,1,,1,1-0,1,,0,2-0,1,,1,0-2,2,,1,1-2,2,,0,1-0,1,TRUE,4,3,0,1,0,2,1,4,1,3-0,1,,2,0-0,X,,0,3-0,1,,0,3-0,1,,1,2-3,2,,0,0-0,X,TRUE,3,3,1,2,1,4,1,1,1,0-1,2,,2,2-2,X,,1,0-0,X,,0,2-2,X,,1,0-2,2,TRUE,3,2-0,1,,0,2,1,1,1,4,0,3,1,2-2,X,,1,1-1,X,TRUE,3,2-3,2,,1,2-2,X,,1,3-0,1,,2,0-2,2,,2,4,1,2,0,3,1,1,1,0-2,2,,1,3-1,1,,1,2-2,X,,2,3-1,1,TRUE,3,0-0,X,,2,1-0,1,,0,3,0,1,1,4,2,2,0,2-1,1,,2,0-1,2,TRUE,0,1-0,1,,2,0-0,X,,0,0-2,2,,2,2-1,1,,1,4,0,2,0,1,1,3,0,2-1,1,TRUE,0,2-1,1,,0,0-1,2,,1,0-1,2,,1,1-0,1,,0,0-2,2,,0,1,0,3,1,2,1,4,1,3-0,1,,2,1-0,1,,2,3-1,1,,2,2-0,1,,2,0-0,X,,0,1-1,X,TRUE,4,2,2,1,0,4,1,3,0,England,0,Turkey,2,Morocco,0,Spain,2,SaudiArabia,1,Algeria,0,Portugal,0,CostaRica,1,Netherlands,0,Jamaica,0,Ukraine,1,Uruguay,0,Poland,1,Scotland,0,Chile,2,Belgium,1,SouthAfrica,0,Ghana,1,Tunisia,0,Japan,0,Serbia,0,Germany,2,Ecuador,0,Peru,1,USA,1,Croatia,0,Cameroon,1,Egypt,0,Senegal,1,IvoryCoast,0,Iran,1,Denmark,2,NewZealand,0,Scotland,0,Venezuela,3,Argentina,0,Paraguay,2,Tunisia,2,Croatia,2,Colombia,3,USA,,Morocco,,Turkey,,SouthAfrica,,Qatar,,Brazil,,Mexico,,Switzerland,,Norway,,Spain,,Nigeria,,Australia,,France,,Belgium,,Croatia,,Serbia,,Paraguay,,Algeria,,Italy,,Ukraine,,Tunisia,,Australia,,Croatia,,SouthKorea,,USA,,Bellingham,,Yamal,,DibuMartinez,,Vinicius,,DeBruyne,,Morata,,Venezuela,,Poland,,23,2,Yamal,0
Ariadna,185,142,39,4,1-1,X,,1,2-1,1,,0,2-0,1,TRUE,3,1-1,X,,2,1-1,X,,1,0-0,X,,1,3,0,1,0,2,0,4,1,0-0,X,TRUE,3,3-1,1,,2,0-0,X,,1,0-1,2,,2,3-0,1,,2,1-0,1,,1,4,0,1,0,2,1,3,0,3-0,1,TRUE,3,1-1,X,,1,1-1,X,,0,2-0,1,,0,2-0,1,,0,3-1,1,,1,4,0,3,1,2,1,1,1,1-1,X,TRUE,3,1-0,1,,1,0-2,2,,0,2-3,2,,3,1-1,X,,1,3-0,1,,3,4,1,3,2,1,1,2,0,3-1,1,,1,3-1,1,,0,0-0,X,TRUE,4,1-0,1,,2,3-0,1,,1,2-3,2,,0,4,1,1,2,2,0,3,1,0-2,2,TRUE,3,2-0,1,,0,3-0,1,,3,2-1,1,,0,3-1,1,,1,2-2,X,,2,1,0,4,1,2,2,3,2,3-0,1,,0,1-2,2,,1,0-2,2,TRUE,4,2-3,2,,2,2-1,1,,1,2-2,X,,0,2,0,1,0,3,0,4,1,0-0,X,,2,3-1,1,TRUE,0,2-2,X,,2,0-1,2,,2,0-0,X,,1,0-1,2,,1,4,1,1,1,2,1,3,0,1-2,2,,3,1-2,2,TRUE,3,2-3,2,,0,2-0,1,,1,1-2,2,,2,2-2,X,,1,3,0,1,0,2,2,4,0,3-0,1,,2,1-0,1,TRUE,3,2-2,X,,2,2-0,1,,2,2-2,X,,1,1-2,2,,2,4,0,2,1,1,0,3,0,2-1,1,,2,2-1,1,,1,2-1,1,,2,0-2,2,,1,0-0,X,,2,0-0,X,TRUE,5,1,0,3,1,4,0,2,0,1-1,X,TRUE,4,2-3,2,,1,2-0,1,,1,0-1,2,,1,2-2,X,,1,2-3,2,,1,4,0,3,1,2,1,1,2,Egypt,0,Japan,1,Senegal,2,Italy,1,Serbia,1,Mexico,2,Croatia,2,Spain,0,Switzerland,2,Uruguay,1,SouthKorea,1,CostaRica,1,Iran,2,Scotland,0,SouthAfrica,0,Turkey,2,Algeria,1,Netherlands,0,Denmark,0,Jamaica,0,Paraguay,0,Australia,1,NewZealand,0,Chile,1,Portugal,1,Ecuador,1,IvoryCoast,1,USA,1,Tunisia,1,Ukraine,1,SaudiArabia,1,Germany,1,Cameroon,3,Uruguay,0,Spain,3,Scotland,0,Iran,2,Egypt,0,CostaRica,0,Poland,2,Portugal,,NewZealand,,SaudiArabia,,Ghana,,Chile,,Nigeria,,Qatar,,Netherlands,,Iran,,Algeria,,Serbia,,Uruguay,,SouthAfrica,,USA,,Qatar,,Ecuador,,Algeria,,Belgium,,Argentina,,Tunisia,,Poland,,SouthKorea,,England,,Venezuela,,Spain,,Valverde,,Yamal,,DibuMartinez,,Osimhen,,DeBruyne,,Joselu,,Morocco,,Qatar,,11,2,Morata,2
Rubén,178,144,32,2,2-1,1,,3,2-2,X,,3,3-0,1,,1,1-1,X,,2,0-2,2,,1,0-1,2,TRUE,5,3,0,2,0,1,1,4,1,3-1,1,,2,2-2,X,,1,3-1,1,TRUE,0,2-0,1,,3,1-1,X,,2,0-2,2,,1,1,2,4,2,3,0,2,1,2-2,X,,0,0-1,2,,1,2-1,1,,1,2-0,1,,2,3-0,1,,3,2-1,1,TRUE,3,2,1,1,0,4,2,3,0,0-2,2,,0,2-1,1,TRUE,3,2-3,2,,1,3-1,1,,1,2-0,1,,1,3-0,1,,1,3,0,1,1,4,1,2,1,0-0,X,,2,2-1,1,TRUE,3,3-0,1,,2,1-2,2,,2,1-2,2,,0,1-0,1,,1,1,1,4,0,3,0,2,0,3-0,1,,0,3-0,1,,2,1-0,1,TRUE,4,0-2,2,,1,2-0,1,,1,2-2,X,,1,2,0,3,1,1,0,4,0,1-1,X,,0,2-0,1,,1,1-0,1,,1,0-0,X,TRUE,3,0-2,2,,1,0-1,2,,0,1,1,2,0,3,0,4,0,0-1,2,TRUE,4,3-1,1,,3,3-1,1,,1,0-1,2,,0,3-0,1,,2,2-0,1,,0,3,1,2,0,4,1,1,1,2-0,1,,2,1-1,X,,0,2-1,1,,0,0-0,X,,1,1-1,X,,2,2-1,1,TRUE,4,4,0,2,0,3,2,1,0,2-3,2,,2,0-1,2,,2,0-2,2,,0,3-0,1,,3,0-0,X,,1,2-3,2,TRUE,3,4,1,1,0,3,0,2,2,1-2,2,,1,1-1,X,,1,1-0,1,,0,0-1,2,TRUE,3,0-1,2,,0,3-1,1,,1,1,1,3,2,4,2,2,1,1-2,2,,2,2-3,2,,1,0-0,X,,2,1-1,X,,0,0-0,X,,0,3-0,1,TRUE,3,4,2,1,0,2,2,3,0,Italy,0,CostaRica,0,IvoryCoast,1,Spain,1,Scotland,2,Peru,2,Ghana,2,Ukraine,2,NewZealand,0,Switzerland,2,Poland,1,Venezuela,0,France,1,Egypt,0,Croatia,1,Iran,0,Serbia,0,Portugal,0,Nigeria,1,Brazil,0,SouthAfrica,1,Argentina,0,Paraguay,0,Mexico,2,England,0,Tunisia,1,Ecuador,0,SaudiArabia,0,Australia,0,Germany,1,Norway,0,Uruguay,1,Germany,0,Jamaica,2,Japan,0,Egypt,2,Portugal,2,Italy,2,Nigeria,0,Qatar,2,Croatia,,Venezuela,,IvoryCoast,,Argentina,,NewZealand,,Senegal,,Ghana,,England,,NewZealand,,Argentina,,SouthAfrica,,Turkey,,USA,,SaudiArabia,,Portugal,,Poland,,England,,Senegal,,Jamaica,,Croatia,,France,,Scotland,,NewZealand,,Senegal,,Germany,,Mbappe,,Tel,,UnaiSimon,,Mbappe,,Valverde,,NicoWilliams,,Ecuador,,Serbia,,21,2,Pedri,0
Celia,164,123,40,1,1-0,1,,2,0-1,2,,1,2-2,X,,0,1-2,2,,2,2-1,1,,1,1-0,1,TRUE,4,3,0,2,1,4,2,1,0,0-1,2,,2,1-1,X,TRUE,4,2-3,2,,1,2-0,1,,2,2-3,2,,3,1-1,X,,0,1,0,2,1,3,0,4,1,3-0,1,,2,1-1,X,,1,1-0,1,,2,0-1,2,TRUE,0,2-3,2,,0,1-0,1,,1,2,0,1,2,3,2,4,2,3-0,1,,0,2-2,X,TRUE,0,2-1,1,,2,1-1,X,,2,1-0,1,,2,3-0,1,,0,3,0,1,1,4,0,2,0,2-1,1,,1,0-1,2,,2,2-3,2,,0,2-0,1,TRUE,0,3-0,1,,1,0-1,2,,2,2,1,1,1,4,1,3,0,2-2,X,,2,1-1,X,,1,0-0,X,,0,1-1,X,,1,2-1,1,,0,2-3,2,,1,3,1,2,1,1,0,4,1,2-3,2,,3,0-1,2,TRUE,3,2-1,1,,2,0-0,X,,0,2-2,X,,2,2-2,X,,1,2,0,3,2,1,0,4,2,0-0,X,,2,1-0,1,,0,0-2,2,,0,0-1,2,TRUE,0,2-2,X,,1,3-0,1,,1,1,0,4,1,3,1,2,1,2-1,1,,1,1-1,X,,1,1-2,2,TRUE,4,2-2,X,,0,3-1,1,,2,0-1,2,,1,1,1,4,0,3,0,2,1,2-2,X,,1,1-2,2,,2,1-1,X,,1,2-0,1,,0,0-1,2,,0,2-0,1,TRUE,0,4,0,3,1,1,0,2,1,1-0,1,,3,2-2,X,TRUE,3,2-1,1,,3,2-2,X,,0,0-0,X,,1,2-0,1,,1,4,0,2,0,3,0,1,0,1-1,X,,2,0-2,2,,2,3-1,1,TRUE,0,3-0,1,,2,2-0,1,,0,3-0,1,,0,3,1,4,1,2,1,1,1,SouthAfrica,1,Jamaica,1,Germany,1,Ecuador,0,Spain,0,Chile,2,Portugal,1,Scotland,1,Denmark,0,Italy,0,Norway,1,NewZealand,0,Nigeria,2,Poland,2,Brazil,0,Tunisia,1,Senegal,0,Qatar,1,Australia,2,SouthKorea,0,France,1,Colombia,1,Croatia,1,Belgium,2,Canada,0,Egypt,1,Cameroon,1,Uruguay,0,Argentina,0,Ukraine,2,Serbia,1,Netherlands,1,Mexico,2,IvoryCoast,0,Norway,3,Serbia,0,Australia,3,Colombia,2,Senegal,3,CostaRica,0,Netherlands,,USA,,Germany,,Japan,,Tunisia,,Qatar,,Nigeria,,Canada,,Australia,,Mexico,,Belgium,,Iran,,Jamaica,,Venezuela,,Paraguay,,Switzerland,,Colombia,,Ghana,,Portugal,,IvoryCoast,,NewZealand,,Italy,,Norway,,Turkey,,Mexico,,Musiala,,Endrick,,UnaiSimon,,Gakpo,,Valverde,,Pedri,,Venezuela,,Mexico,,8,0,Pedri,1
Marcos,170,135,32,3,2-0,1,,0,2-3,2,,1,0-1,2,,2,2-2,X,TRUE,3,0-0,X,,1,2-0,1,,2,2,0,4,1,3,0,1,0,1-2,2,,0,2-2,X,TRUE,5,1-1,X,,1,2-3,2,,2,1-0,1,,1,3-0,1,,1,1,2,4,1,3,1,2,1,2-3,2,,1,2-0,1,,1,2-0,1,TRUE,4,1-0,1,,2,3-1,1,,1,1-0,1,,1,2,1,4,1,1,0,3,1,2-0,1,,0,1-0,1,,0,0-1,2,,2,0-1,2,TRUE,3,3-0,1,,1,0-1,2,,0,3,2,4,2,2,2,1,1,3-0,1,,1,3-1,1,,0,2-1,1,,1,2-2,X,,2,2-1,1,,0,1-2,2,TRUE,3,2,1,4,1,1,0,3,2,1-0,1,,1,0-1,2,,1,2-1,1,TRUE,3,0-2,2,,1,0-2,2,,0,3-0,1,,3,3,1,1,0,2,1,4,1,1-2,2,,0,2-0,1,,1,1-1,X,,2,1-2,2,,2,1-2,2,,2,2-0,1,TRUE,3,1,1,2,1,4,1,3,2,2-3,2,,0,2-1,1,,1,0-0,X,,0,2-3,2,,1,0-1,2,TRUE,0,2-1,1,,3,4,0,1,1,2,0,3,0,1-1,X,,1,2-2,X,,1,2-0,1,,1,2-3,2,,1,3-0,1,TRUE,0,0-1,2,,2,1,0,4,0,3,1,2,0,2-3,2,TRUE,4,1-2,2,,0,3-1,1,,1,0-1,2,,1,2-1,1,,0,2-2,X,,2,2,0,1,1,3,1,4,1,1-1,X,,3,2-2,X,,0,3-1,1,,1,1-2,2,,2,0-1,2,,2,2-0,1,TRUE,4,1,1,3,0,4,1,2,1,3-0,1,,2,3-0,1,,1,2-2,X,,2,3-1,1,,0,1-0,1,,0,1-1,X,TRUE,0,2,0,4,0,3,1,1,1,Argentina,1,Brazil,0,Jamaica,1,Portugal,1,Turkey,0,Senegal,1,SaudiArabia,1,Netherlands,1,Mexico,1,Tunisia,0,Chile,2,Poland,2,Egypt,2,Algeria,2,Switzerland,1,CostaRica,2,Norway,1,IvoryCoast,1,Colombia,0,England,0,Venezuela,0,Qatar,1,Ukraine,0,Ecuador,0,USA,0,Germany,0,Iran,1,Denmark,0,France,0,Australia,1,SouthAfrica,1,Morocco,0,Jamaica,2,IvoryCoast,2,Peru,0,SouthAfrica,2,Algeria,2,Poland,0,Ukraine,0,Mexico,0,France,,Tunisia,,Iran,,Australia,,Canada,,Japan,,USA,,Croatia,,Japan,,Colombia,,Scotland,,Turkey,,Germany,,Nigeria,,SouthAfrica,,Chile,,Cameroon,,Venezuela,,Australia,,NewZealand,,Belgium,,Japan,,Italy,,Senegal,,Turkey,,Valverde,,Guler,,DiogoCosta,,Haaland,,DeBruyne,,Joselu,,Senegal,,Denmark,,10,2,Yamal,1
Leire,178,142,32,4,2-2,X,,0,2-1,1,,3,3-0,1,,1,1-2,2,,0,2-0,1,TRUE,4,3-0,1,,0,4,0,1,1,2,2,3,2,0-0,X,,2,3-0,1,,0,0-0,X,,1,2-3,2,TRUE,0,2-0,1,,0,2-2,X,,3,4,1,2,2,1,0,3,1,3-0,1,,1,2-2,X,,3,0-2,2,TRUE,0,1-1,X,,2,1-0,1,,0,3-1,1,,0,2,2,3,1,1,1,4,2,2-3,2,,1,2-3,2,,1,2-2,X,,0,1-0,1,,1,0-0,X,,2,0-2,2,TRUE,3,2,2,3,1,4,1,1,1,3-1,1,,2,2-0,1,,0,0-0,X,,1,2-0,1,,1,2-1,1,,0,0-2,2,TRUE,3,4,0,1,0,2,1,3,2,2-0,1,,0,3-1,1,TRUE,4,2-2,X,,1,1-0,1,,1,2-1,1,,1,1-1,X,,2,1,1,3,0,2,0,4,2,2-3,2,,2,2-3,2,,2,3-0,1,TRUE,4,0-2,2,,1,1-1,X,,2,2-2,X,,1,2,0,3,1,1,0,4,0,2-0,1,,2,1-0,1,TRUE,3,0-2,2,,2,1-2,2,,3,2-3,2,,1,2-0,1,,1,4,2,3,0,2,1,1,0,2-3,2,,2,0-0,X,,1,3-1,1,,0,1-2,2,,1,0-2,2,TRUE,0,2-0,1,,2,1,0,2,2,3,1,4,0,0-0,X,,1,0-1,2,TRUE,3,2-0,1,,0,3-1,1,TRUE,5,2-0,1,,2,2-1,1,,0,1,1,4,0,2,1,3,0,1-1,X,,1,0-2,2,TRUE,4,1-1,X,,1,0-2,2,,1,1-2,2,,2,2-3,2,,2,1,2,3,1,2,1,4,0,2-1,1,,0,3-0,1,,0,3-0,1,,0,0-1,2,TRUE,3,3-0,1,,1,3-1,1,,0,3,1,1,0,4,1,2,1,Netherlands,2,Italy,0,Ghana,2,Tunisia,1,USA,1,CostaRica,0,Senegal,0,Qatar,1,Canada,0,Switzerland,1,Portugal,0,Scotland,1,Paraguay,1,Mexico,1,SaudiArabia,0,Morocco,0,Jamaica,0,Cameroon,1,Argentina,1,Ecuador,1,France,1,Turkey,1,Brazil,0,NewZealand,1,Peru,1,Croatia,0,Egypt,1,SouthAfrica,1,Belgium,1,Australia,0,Ukraine,2,Algeria,1,Colombia,2,Qatar,0,Morocco,0,England,2,IvoryCoast,2,Ghana,0,Jamaica,2,Croatia,0,NewZealand,,Mexico,,Paraguay,,Spain,,SouthKorea,,Tunisia,,Senegal,,Cameroon,,Uruguay,,Morocco,,Egypt,,Turkey,,Scotland,,Chile,,Italy,,Australia,,Qatar,,Jamaica,,Spain,,Argentina,,England,,SaudiArabia,,Scotland,,Norway,,Chile,,Vinicius,,Yamal,,Maignan,,Mbappe,,Pedri,,Joselu,,Colombia,,Qatar,,7,2,Olmo,2
Adri,176,138,38,0,2-2,X,,3,0-2,2,,1,3-0,1,,1,3-1,1,,2,0-0,X,,1,3-0,1,TRUE,4,1,2,3,1,2,1,4,1,1-0,1,TRUE,3,2-2,X,,2,0-1,2,,0,1-1,X,,1,1-0,1,,1,3-0,1,,2,1,2,2,0,3,0,4,0,1-1,X,,1,2-1,1,,1,2-1,1,,1,2-3,2,,1,2-0,1,,1,1-0,1,TRUE,0,1,0,3,1,4,0,2,0,2-2,X,,2,1-1,X,,1,3-1,1,,1,2-0,1,TRUE,0,0-0,X,,2,0-0,X,,1,1,0,2,0,3,2,4,2,1-0,1,,1,1-2,2,,0,2-3,2,,2,1-0,1,TRUE,3,3-0,1,,0,3-0,1,,1,1,1,3,2,2,2,4,1,1-1,X,,1,2-1,1,,1,3-0,1,,0,1-0,1,,2,0-1,2,TRUE,3,3-0,1,,1,4,2,3,1,2,1,1,1,1-0,1,,2,3-1,1,,0,3-1,1,TRUE,4,1-1,X,,2,3-0,1,,1,3-1,1,,1,4,1,3,0,2,1,1,1,3-0,1,,1,2-1,1,,0,1-0,1,,1,0-0,X,,1,1-2,2,TRUE,3,2-1,1,,2,1,1,2,1,4,2,3,1,2-3,2,,1,1-0,1,,0,3-1,1,,2,1-0,1,,0,2-1,1,TRUE,0,0-0,X,,1,3,1,2,1,4,1,1,1,2-1,1,TRUE,3,0-2,2,,0,1-1,X,,0,2-3,2,,0,0-1,2,,2,0-2,2,,0,1,2,3,0,4,0,2,2,2-0,1,,2,0-2,2,TRUE,4,1-2,2,,0,0-1,2,,2,2-3,2,,2,2-1,1,,0,2,2,4,1,1,0,3,1,2-1,1,,2,1-1,X,,1,2-0,1,,0,1-2,2,,0,0-2,2,TRUE,3,2-1,1,,1,3,2,1,0,2,0,4,1,Qatar,0,Croatia,2,France,1,England,1,Jamaica,1,SouthKorea,0,IvoryCoast,1,Belgium,0,Ecuador,1,Morocco,1,Poland,0,Paraguay,1,Argentina,0,Senegal,1,Venezuela,1,Nigeria,1,Algeria,2,Colombia,1,Spain,1,Uruguay,0,Brazil,2,Italy,0,Japan,1,Cameroon,1,Canada,1,CostaRica,1,Iran,1,Tunisia,1,Netherlands,1,Egypt,0,Denmark,1,Ukraine,1,Jamaica,0,Australia,2,Brazil,0,Japan,2,Denmark,2,Chile,3,Canada,0,Qatar,2,Spain,,USA,,Algeria,,Ecuador,,Nigeria,,Croatia,,Serbia,,Egypt,,Italy,,Norway,,England,,Paraguay,,SouthAfrica,,SaudiArabia,,Germany,,Japan,,Peru,,Poland,,Qatar,,Australia,,NewZealand,,Jamaica,,Serbia,,Argentina,,Uruguay,,Musiala,,Tel,,DiogoCosta,,JulianAlvarez,,BrunoFernandes,,Joselu,,Australia,,Croatia,,8,0,NicoWilliams,0
Claudia,176,135,41,0,2-0,1,,1,2-3,2,,0,0-2,2,TRUE,4,2-1,1,,2,3-1,1,,0,3-1,1,,1,2,1,3,1,1,0,4,0,2-1,1,,1,0-0,X,,0,0-0,X,,2,2-2,X,,2,1-2,2,TRUE,4,1-1,X,,1,3,1,2,1,1,1,4,0,1-1,X,,0,2-2,X,,2,3-0,1,,2,2-2,X,,0,3-0,1,,2,1-1,X,TRUE,4,3,0,2,0,1,0,4,0,0-2,2,,1,0-0,X,,2,2-3,2,,0,0-1,2,,0,0-0,X,,0,2-3,2,TRUE,4,2,0,3,2,4,1,1,1,0-0,X,,2,1-0,1,,3,1-2,2,,2,2-2,X,TRUE,3,2-2,X,,2,1-1,X,,0,4,2,1,0,2,1,3,1,3-0,1,,0,0-0,X,,2,3-0,1,,0,2-2,X,,1,1-2,2,,1,2-1,1,TRUE,3,4,1,3,1,1,0,2,0,0-0,X,,3,2-1,1,,2,0-1,2,TRUE,3,2-1,1,,0,0-0,X,,2,0-1,2,,1,1,1,3,2,4,1,2,0,1-2,2,,2,0-0,X,,1,1-1,X,TRUE,3,2-2,X,,0,2-3,2,,2,3-1,1,,2,3,0,1,0,2,1,4,0,1-2,2,,1,1-2,2,,0,2-2,X,,3,3-1,1,TRUE,3,3-1,1,,2,2-3,2,,0,2,0,1,1,3,1,4,2,0-1,2,,0,3-1,1,TRUE,0,0-2,2,,0,0-2,2,,3,1-0,1,,1,1-2,2,,1,1,1,3,0,2,0,4,0,0-1,2,TRUE,5,0-2,2,,2,1-1,X,,1,2-0,1,,2,1-1,X,,0,2-2,X,,0,3,0,4,1,1,0,2,0,0-0,X,,0,3-0,1,,3,0-1,2,,0,1-2,2,TRUE,3,0-2,2,,2,2-0,1,,0,2,1,3,0,4,0,1,1,Morocco,1,Ukraine,0,Italy,1,SouthKorea,0,Canada,0,Colombia,0,Peru,0,Turkey,0,Tunisia,0,Argentina,1,Mexico,2,Qatar,1,Poland,2,Australia,2,Ghana,2,Scotland,2,Ecuador,2,SouthAfrica,0,Uruguay,1,Cameroon,1,Denmark,0,SaudiArabia,0,Egypt,2,Belgium,1,Serbia,0,Portugal,2,IvoryCoast,0,Venezuela,0,France,2,Netherlands,0,NewZealand,0,Senegal,1,Colombia,0,SouthAfrica,3,Nigeria,3,Egypt,0,Brazil,3,Turkey,0,Japan,3,Mexico,3,Italy,,Algeria,,Germany,,Senegal,,Ukraine,,Paraguay,,Ghana,,Qatar,,Egypt,,Uruguay,,Spain,,Switzerland,,Iran,,IvoryCoast,,Germany,,Chile,,Jamaica,,NewZealand,,IvoryCoast,,Tunisia,,Iran,,Ukraine,,Croatia,,Switzerland,,Poland,,Vinicius,,Yamal,,UnaiSimon,,Mbappe,,Valverde,,Pedri,,Canada,,Poland,,20,0,Joselu,0
Víctor,177,143,31,3,0-1,2,,2,3-0,1,,1,1-0,1,,2,0-0,X,,0,2-3,2,,0,0-1,2,TRUE,3,1,1,4,1,3,0,2,1,3-1,1,,0,1-2,2,,1,1-0,1,TRUE,4,3-0,1,,1,0-2,2,,1,2-2,X,,0,1,2,2,2,3,2,4,0,2-2,X,,1,1-1,X,,1,1-1,X,,2,3-0,1,,0,0-0,X,,0,1-0,1,TRUE,4,1,1,3,2,2,2,4,1,2-1,1,,1,0-2,2,TRUE,3,3-1,1,,3,2-1,1,,2,1-0,1,,0,3-0,1,,1,1,0,2,1,4,0,3,1,1-2,2,,1,2-2,X,,1,2-1,1,,1,1-1,X,,2,0-0,X,,1,3-1,1,TRUE,3,1,1,4,2,3,1,2,0,1-2,2,,1,1-2,2,,2,2-2,X,,2,1-2,2,,1,0-0,X,,1,1-0,1,TRUE,4,2,1,4,1,1,0,3,2,1-1,X,,1,1-0,1,,2,1-0,1,,0,2-2,X,TRUE,4,1-1,X,,0,3-1,1,,0,1,0,3,0,4,0,2,1,1-0,1,,0,1-1,X,,2,2-1,1,,2,0-1,2,,2,1-2,2,,2,2-1,1,TRUE,3,2,1,1,0,4,1,3,1,1-0,1,,3,2-2,X,,1,3-1,1,TRUE,3,0-0,X,,2,3-0,1,,2,1-0,1,,1,2,1,1,1,4,1,3,1,2-0,1,TRUE,0,3-1,1,,1,1-0,1,,2,2-3,2,,3,0-2,2,,2,2-3,2,,1,4,2,2,2,3,0,1,1,1-1,X,,1,2-0,1,,0,0-0,X,,0,1-0,1,,1,2-3,2,TRUE,0,2-0,1,,0,4,0,3,1,1,1,2,0,2-0,1,,1,3-0,1,TRUE,3,1-1,X,,1,1-2,2,,1,3-1,1,,1,2-1,1,,1,4,0,2,0,3,0,1,1,Jamaica,2,Uruguay,0,Venezuela,0,Denmark,1,IvoryCoast,1,Netherlands,1,SouthAfrica,1,Serbia,1,Tunisia,0,Switzerland,1,Cameroon,2,Croatia,0,Paraguay,0,Poland,0,NewZealand,1,Scotland,0,Italy,1,CostaRica,1,Senegal,0,Spain,1,Ukraine,2,SaudiArabia,1,Canada,0,Morocco,1,Argentina,0,Australia,0,Egypt,0,Peru,0,France,0,Ghana,2,Qatar,2,Mexico,1,Japan,0,NewZealand,0,IvoryCoast,0,Qatar,2,SouthAfrica,0,Poland,2,Iran,2,Ukraine,2,Senegal,,SaudiArabia,,Morocco,,Switzerland,,CostaRica,,England,,Algeria,,Italy,,Denmark,,Qatar,,Norway,,Tunisia,,Iran,,Serbia,,Ghana,,Italy,,Poland,,Argentina,,IvoryCoast,,Netherlands,,Ecuador,,Iran,,Ecuador,,England,,Iran,,Mbappe,,Tel,,Alisson,,Vinicius,,BrunoFernandes,,Joselu,,Venezuela,,Denmark,,11,2,NicoWilliams,1
Elena,177,144,33,0,0-1,2,TRUE,4,1-1,X,,0,2-3,2,,1,1-2,2,,0,2-0,1,,2,2-0,1,,1,1,1,4,1,2,0,3,1,1-2,2,,0,3-1,1,,2,2-2,X,,0,1-2,2,TRUE,0,0-2,2,,0,0-1,2,,3,1,0,4,0,2,1,3,1,2-0,1,TRUE,4,1-1,X,,3,1-1,X,,1,0-2,2,,1,2-2,X,,1,0-2,2,,2,2,0,3,1,1,1,4,1,2-3,2,,1,0-0,X,,2,1-2,2,,2,3-0,1,,2,1-1,X,,3,2-0,1,TRUE,3,2,0,4,0,3,2,1,0,2-0,1,,1,2-1,1,,1,2-3,2,,2,2-2,X,,1,2-2,X,TRUE,3,0-0,X,,1,3,1,1,0,2,0,4,0,0-0,X,,1,3-0,1,,2,0-2,2,,3,1-0,1,TRUE,3,2-3,2,,2,0-2,2,,1,2,1,3,1,1,0,4,0,2-0,1,,2,0-2,2,,3,3-1,1,,2,0-2,2,,2,2-3,2,,0,2-0,1,TRUE,0,1,1,4,0,3,1,2,2,1-2,2,,0,2-1,1,,0,0-2,2,,0,0-0,X,TRUE,3,0-1,2,,1,2-3,2,,0,4,1,2,1,3,1,1,2,2-3,2,,2,3-1,1,,1,2-1,1,,1,0-1,2,TRUE,4,2-1,1,,1,2-2,X,,0,2,1,1,1,3,2,4,1,2-2,X,TRUE,5,1-0,1,,1,0-0,X,,2,1-0,1,,1,2-1,1,,1,2-2,X,,1,4,1,1,2,2,0,3,1,1-1,X,,1,2-0,1,TRUE,4,1-0,1,,0,0-1,2,,1,3-1,1,,2,2-0,1,,0,2,0,4,0,3,0,1,0,1-1,X,TRUE,3,2-2,X,,1,2-3,2,,1,1-1,X,,1,1-0,1,,1,1-2,2,,1,2,1,3,2,4,1,1,1,Germany,1,Canada,1,Turkey,0,Australia,0,Nigeria,1,Scotland,0,Belgium,2,Croatia,0,Netherlands,1,Senegal,1,Tunisia,0,Cameroon,0,Denmark,0,Japan,1,Chile,0,England,1,SaudiArabia,1,Colombia,1,Poland,0,SouthKorea,1,Ghana,0,Ecuador,1,Qatar,0,Morocco,1,Peru,1,Algeria,0,Paraguay,1,Mexico,1,Egypt,2,Serbia,0,CostaRica,1,Portugal,1,Cameroon,2,Ghana,2,Croatia,2,SouthAfrica,0,Canada,2,Ecuador,0,Switzerland,2,Brazil,2,CostaRica,,Serbia,,Tunisia,,Poland,,USA,,Portugal,,Italy,,Scotland,,Brazil,,Ghana,,Switzerland,,Algeria,,Mexico,,Germany,,Ecuador,,NewZealand,,Italy,,Iran,,SouthAfrica,,Senegal,,Peru,,Denmark,,England,,Cameroon,,Denmark,,Wirtz,,Yamal,,Alisson,,Osimhen,,Pedri,,Morata,,Canada,,Croatia,,16,0,Yamal,0
Raúl,158,128,30,0,1-2,2,TRUE,3,0-2,2,,0,1-2,2,,1,1-1,X,,2,1-2,2,,1,2-0,1,,0,1,1,3,0,4,1,2,2,0-0,X,,1,2-3,2,,0,2-2,X,,1,2-0,1,TRUE,0,3-0,1,,1,2-2,X,,0,3,2,1,1,2,1,4,1,2-2,X,,1,2-2,X,,1,1-2,2,,1,1-1,X,TRUE,4,2-2,X,,0,2-2,X,,1,2,1,1,1,3,1,4,0,1-0,1,,1,1-0,1,,0,1-0,1,,2,2-2,X,,0,2-2,X,,0,0-0,X,TRUE,4,3,1,1,0,4,1,2,0,2-0,1,TRUE,3,0-2,2,,1,2-2,X,,1,1-2,2,,1,0-2,2,,2,1-1,X,,0,3,1,1,0,2,0,4,1,1-1,X,,0,2-3,2,TRUE,0,2-0,1,,1,0-1,2,,3,0-1,2,,1,1-2,2,,1,4,0,2,1,1,0,3,0,2-1,1,,0,2-3,2,,1,1-0,1,,1,3-0,1,,3,1-2,2,,1,1-0,1,TRUE,0,4,0,2,1,3,0,1,1,0-0,X,TRUE,4,2-3,2,,1,3-0,1,,2,1-1,X,,2,1-0,1,,2,2-0,1,,0,4,2,1,1,2,1,3,0,2-0,1,,2,3-0,1,TRUE,0,2-2,X,,2,3-0,1,,0,1-1,X,,1,3-1,1,,1,3,0,1,1,4,1,2,0,1-0,1,,2,2-2,X,,1,2-3,2,,2,3-1,1,,1,1-1,X,TRUE,0,0-1,2,,1,4,1,3,1,1,2,2,2,2-2,X,,2,2-2,X,,0,3-0,1,,2,1-0,1,TRUE,3,2-2,X,,0,1-1,X,,0,2,2,4,0,3,1,1,0,3-0,1,,2,3-0,1,TRUE,4,2-2,X,,2,1-2,2,,1,0-0,X,,1,3-1,1,,2,3,1,2,2,1,1,4,2,Portugal,1,Canada,1,France,1,IvoryCoast,1,Spain,0,Italy,1,Croatia,0,Argentina,1,Peru,1,Ghana,0,Germany,1,Netherlands,1,Jamaica,0,Poland,0,Paraguay,1,SaudiArabia,2,Belgium,1,Denmark,1,Brazil,0,Chile,0,Uruguay,0,Switzerland,1,Qatar,0,SouthKorea,0,Serbia,0,Norway,0,Morocco,0,England,1,USA,2,Egypt,0,Colombia,2,Tunisia,1,England,0,Paraguay,0,Serbia,0,Switzerland,0,Denmark,2,Argentina,2,Ukraine,2,Turkey,3,NewZealand,,IvoryCoast,,Tunisia,,USA,,Jamaica,,Portugal,,Germany,,Norway,,Iran,,Tunisia,,USA,,France,,Spain,,Japan,,Serbia,,IvoryCoast,,Serbia,,Belgium,,USA,,Italy,,Germany,,Ghana,,Germany,,Ecuador,,Poland,,Wirtz,,Yamal,,UnaiSimon,,Vinicius,,Valverde,,Yamal,,Colombia,,Uruguay,,11,0,Morata,0
Sara,171,137,33,1,2-3,2,,1,2-1,1,,3,3-1,1,,2,0-0,X,TRUE,0,0-0,X,,1,2-3,2,,0,2,1,1,1,3,2,4,1,0-1,2,,2,1-1,X,,0,0-1,2,,0,1-2,2,,1,0-0,X,,3,2-3,2,TRUE,4,3,1,1,1,4,1,2,1,2-3,2,TRUE,3,2-1,1,,2,0-1,2,,2,1-2,2,,0,1-1,X,,0,1-1,X,,1,4,1,1,2,2,1,3,0,3-0,1,,2,2-1,1,,1,3-1,1,,0,1-0,1,,1,2-1,1,TRUE,4,0-1,2,,2,4,1,3,0,1,0,2,2,0-0,X,,2,2-3,2,,2,1-0,1,,1,2-0,1,,1,0-1,2,,0,0-2,2,TRUE,0,3,0,4,1,2,0,1,2,3-1,1,,2,1-1,X,,1,1-1,X,TRUE,3,2-3,2,,1,3-1,1,,1,0-0,X,,0,2,1,1,2,4,1,3,1,1-1,X,TRUE,3,0-2,2,,3,1-1,X,,1,1-0,1,,1,0-2,2,,0,2-2,X,,0,1,1,4,0,3,2,2,0,0-0,X,,1,3-1,1,,1,0-0,X,TRUE,3,2-3,2,,1,0-1,2,,1,2-3,2,,2,1,1,2,1,3,0,4,0,2-1,1,,1,3-1,1,,2,0-0,X,,0,3-1,1,TRUE,3,2-1,1,,0,1-0,1,,1,3,2,2,1,4,2,1,0,2-3,2,TRUE,0,1-1,X,,1,1-0,1,,3,1-2,2,,2,1-1,X,,0,2-2,X,,0,1,0,4,1,2,0,3,1,1-2,2,,1,1-0,1,,2,2-2,X,,0,1-1,X,TRUE,0,3-1,1,,1,1-0,1,,0,2,0,4,0,3,1,1,1,0-2,2,,3,1-0,1,,0,2-3,2,TRUE,3,2-2,X,,2,1-2,2,,2,2-1,1,,0,4,2,3,1,1,2,2,1,SouthKorea,1,Mexico,0,Chile,0,Algeria,0,Peru,2,Brazil,0,Egypt,2,Qatar,1,Denmark,1,IvoryCoast,1,SaudiArabia,2,Belgium,1,CostaRica,0,Argentina,1,USA,0,Poland,1,Jamaica,0,Serbia,1,Cameroon,0,Japan,2,Scotland,1,Portugal,1,France,0,Iran,0,NewZealand,0,Spain,0,Nigeria,0,Germany,2,Ukraine,0,Switzerland,1,Paraguay,1,Croatia,0,Cameroon,2,Mexico,0,Belgium,0,Ecuador,2,Tunisia,2,Senegal,3,SaudiArabia,2,Denmark,0,USA,,Brazil,,CostaRica,,Venezuela,,Poland,,Morocco,,IvoryCoast,,Nigeria,,Poland,,Italy,,CostaRica,,Canada,,Spain,,IvoryCoast,,Morocco,,Iran,,Cameroon,,Netherlands,,Serbia,,Australia,,Ecuador,,Iran,,Belgium,,Switzerland,,Germany,,Bellingham,,Tel,,UnaiSimon,,Osimhen,,Valverde,,Morata,,Colombia,,Qatar,,23,0,NicoWilliams,1
Guille,160,131,27,2,1-0,1,,1,2-3,2,,1,2-3,2,,2,0-2,2,,1,1-0,1,TRUE,5,0-2,2,,1,3,1,4,1,2,1,1,0,2-1,1,,1,2-2,X,,0,2-2,X,,1,0-2,2,,1,0-0,X,TRUE,4,2-0,1,,0,3,1,4,1,2,0,1,0,0-0,X,TRUE,4,0-2,2,,1,2-1,1,TRUE,0,1-2,2,,1,1-2,2,,1,0-2,2,,0,2,1,1,1,3,0,4,0,2-2,X,,0,2-3,2,,1,0-1,2,TRUE,3,1-0,1,,2,1-1,X,,1,0-2,2,,2,2,2,1,0,3,0,4,1,0-1,2,,1,2-0,1,,2,2-2,X,TRUE,3,2-2,X,,1,2-2,X,,1,3-0,1,,1,2,0,4,0,1,2,3,0,2-3,2,TRUE,5,1-2,2,,2,2-2,X,,1,2-3,2,,0,1-1,X,,2,0-2,2,,3,4,0,1,0,2,1,3,0,0-0,X,,2,1-0,1,,0,1-1,X,,1,0-2,2,TRUE,0,3-0,1,,3,2-0,1,,1,3,2,4,1,1,2,2,1,1-1,X,,1,0-0,X,,3,2-1,1,,0,3-0,1,TRUE,0,2-1,1,,0,1-0,1,,1,2,2,3,1,4,0,1,1,2-1,1,TRUE,3,3-1,1,,1,2-2,X,,0,3-0,1,,1,1-1,X,,0,3-1,1,,2,4,0,3,2,2,1,1,0,2-1,1,,2,2-3,2,,1,2-0,1,TRUE,3,0-1,2,,2,1-2,2,,0,2-3,2,,0,2,0,3,2,4,1,1,1,2-2,X,,0,0-1,2,,0,0-2,2,,1,0-1,2,TRUE,3,2-3,2,,0,1-1,X,,1,2,1,3,1,1,0,4,0,1-2,2,,2,3-0,1,,1,3-1,1,,1,2-0,1,,0,0-0,X,,3,0-0,X,TRUE,0,3,2,4,0,1,1,2,1,Paraguay,1,IvoryCoast,0,Scotland,1,Ghana,0,Poland,0,Iran,0,France,0,Italy,0,Spain,1,Germany,1,Peru,1,Turkey,2,Tunisia,1,Nigeria,1,Morocco,0,SouthAfrica,1,Serbia,0,Ecuador,0,Brazil,0,SaudiArabia,0,Canada,0,Australia,0,Algeria,2,Argentina,1,Uruguay,1,Croatia,1,Chile,1,Belgium,0,Ukraine,0,Senegal,1,Colombia,2,SouthKorea,1,Canada,3,Chile,0,Mexico,2,Poland,0,IvoryCoast,0,Ecuador,0,Spain,2,SaudiArabia,0,Tunisia,,Qatar,,Scotland,,France,,Iran,,Denmark,,Turkey,,Senegal,,Argentina,,SaudiArabia,,Belgium,,CostaRica,,Egypt,,Uruguay,,Tunisia,,SouthKorea,,SouthAfrica,,Poland,,Qatar,,Portugal,,Ukraine,,SouthKorea,,NewZealand,,SouthKorea,,CostaRica,,Mbappe,,Endrick,,Livakovic,,Osimhen,,Pedri,,Morata,,Venezuela,,Serbia,,4,2,Pedri,0
Andrea,158,120,36,2,2-0,1,,0,0-1,2,,1,0-0,X,,0,1-2,2,,1,3-0,1,,0,0-2,2,TRUE,3,4,1,2,0,3,0,1,2,1-1,X,,1,3-1,1,,2,0-2,2,TRUE,0,2-2,X,,1,0-0,X,,2,1-1,X,,0,3,2,4,2,2,2,1,0,2-2,X,,0,2-2,X,,2,2-3,2,TRUE,0,2-2,X,,1,0-0,X,,0,2-2,X,,0,1,2,2,0,3,1,4,0,0-1,2,,2,1-2,2,,0,1-1,X,,0,0-2,2,,2,1-2,2,TRUE,4,0-0,X,,2,4,0,1,1,3,1,2,1,3-1,1,,1,3-0,1,,2,3-0,1,TRUE,0,1-0,1,,0,0-0,X,,1,2-2,X,,0,2,1,1,1,3,0,4,1,1-2,2,,2,1-1,X,,2,0-2,2,,1,2-0,1,,0,0-1,2,,1,2-3,2,TRUE,3,2,0,4,1,3,2,1,1,2-3,2,TRUE,3,0-0,X,,2,0-1,2,,0,1-2,2,,1,0-1,2,,0,2-3,2,,3,3,2,4,2,2,1,1,0,1-2,2,,1,0-1,2,TRUE,3,2-2,X,,2,2-2,X,,2,1-2,2,,2,3-1,1,,0,4,1,2,1,3,1,1,1,0-1,2,TRUE,0,1-0,1,,0,1-2,2,,0,1-2,2,,1,3-0,1,,1,3-0,1,,1,3,0,4,1,2,0,1,0,2-1,1,,1,2-1,1,,2,2-0,1,TRUE,3,1-0,1,,0,2-0,1,,0,0-0,X,,1,4,0,2,0,3,1,1,0,0-2,2,,1,1-0,1,,1,3-0,1,,0,3-0,1,,1,3-1,1,,3,0-0,X,TRUE,0,4,1,3,0,2,1,1,0,0-2,2,,1,2-0,1,TRUE,4,1-0,1,,1,2-2,X,,1,0-2,2,,0,1-1,X,,2,2,0,3,1,1,2,4,1,Italy,1,Ghana,2,Belgium,0,Chile,0,Iran,0,Nigeria,1,Venezuela,2,Croatia,0,NewZealand,2,Spain,0,Japan,0,IvoryCoast,1,Colombia,0,Peru,0,Canada,1,Norway,2,France,1,Egypt,1,Algeria,2,SouthAfrica,1,Tunisia,1,Senegal,0,Serbia,0,Qatar,2,Jamaica,1,Switzerland,1,Mexico,1,Ukraine,1,Poland,0,Brazil,0,Cameroon,0,Turkey,2,Qatar,0,Argentina,0,Belgium,3,CostaRica,2,Senegal,0,Mexico,2,Netherlands,0,Paraguay,3,SouthAfrica,,Ukraine,,Peru,,Germany,,SaudiArabia,,Ghana,,Scotland,,Uruguay,,France,,Switzerland,,Poland,,Denmark,,England,,Serbia,,Chile,,Tunisia,,Chile,,IvoryCoast,,Portugal,,Poland,,Serbia,,Switzerland,,IvoryCoast,,Italy,,Uruguay,,Wirtz,,Endrick,,DibuMartinez,,Kane,,Foden,,Pedri,,Morocco,,Mexico,,14,2,Joselu,0
Óscar,164,134,29,1,0-2,2,,1,0-0,X,,1,3-0,1,,0,3-1,1,,1,3-0,1,,2,0-0,X,TRUE,3,2,1,1,1,4,0,3,1,2-3,2,,1,3-1,1,,0,0-2,2,,0,2-1,1,TRUE,0,1-1,X,,0,1-0,1,,2,2,2,3,1,1,0,4,1,0-0,X,TRUE,0,2-2,X,,2,0-0,X,,2,2-2,X,,3,2-2,X,,2,2-1,1,,2,3,2,4,2,1,2,2,1,2-0,1,,0,2-0,1,TRUE,0,3-0,1,,0,1-0,1,,0,0-1,2,,2,1-2,2,,0,2,1,4,2,3,1,1,0,3-0,1,,2,1-1,X,,0,3-0,1,,2,0-0,X,,0,2-3,2,TRUE,0,3-0,1,,3,1,1,3,1,4,1,2,0,0-0,X,,2,0-2,2,,0,3-1,1,,0,2-2,X,,0,2-1,1,TRUE,3,1-1,X,,3,4,1,2,2,3,0,1,0,1-2,2,,1,1-2,2,,1,0-0,X,,0,2-3,2,,1,1-2,2,,2,0-2,2,TRUE,4,4,2,2,0,1,1,3,1,2-1,1,,1,2-2,X,TRUE,0,2-1,1,,0,2-2,X,,0,2-1,1,,1,1-2,2,,0,3,1,1,1,2,0,4,1,1-0,1,,1,0-0,X,,2,1-0,1,TRUE,3,2-0,1,,1,2-2,X,,0,1-1,X,,0,3,1,4,2,1,1,2,1,2-1,1,,0,2-3,2,,1,1-0,1,,2,2-1,1,,1,2-2,X,,1,0-2,2,TRUE,3,3,2,2,0,4,1,1,2,2-3,2,,3,0-1,2,,1,2-0,1,,1,2-2,X,,1,2-0,1,,1,3-0,1,TRUE,3,3,2,2,2,4,1,1,0,2-2,X,TRUE,3,3-1,1,,0,1-1,X,,1,2-0,1,,1,0-1,2,,3,3-1,1,,2,4,0,2,0,3,1,1,2,Qatar,0,Scotland,0,Denmark,1,Canada,1,Switzerland,1,Germany,2,Peru,0,SouthKorea,1,Spain,0,IvoryCoast,0,Norway,1,Senegal,0,Argentina,1,Morocco,0,Iran,0,SouthAfrica,2,Turkey,1,Italy,0,Egypt,0,Mexico,2,Nigeria,1,Belgium,0,Algeria,0,CostaRica,0,Serbia,0,Cameroon,0,Jamaica,1,Ghana,1,Ukraine,2,SaudiArabia,1,Poland,1,England,0,Paraguay,0,Portugal,0,Algeria,2,Turkey,2,Ecuador,2,Argentina,0,Brazil,3,NewZealand,0,Canada,,Norway,,Jamaica,,Switzerland,,Germany,,Italy,,Venezuela,,Australia,,Peru,,Brazil,,Switzerland,,Ecuador,,Croatia,,Australia,,Venezuela,,Turkey,,SouthAfrica,,Colombia,,NewZealand,,Argentina,,Argentina,,Uruguay,,England,,Nigeria,,Senegal,,Valverde,,Echeverri,,UnaiSimon,,Mbappe,,BrunoFernandes,,Joselu,,Ecuador,,Croatia,,16,0,Pedri,1
Inés,180,141,36,3,1-0,1,,2,0-2,2,,0,2-3,2,,0,2-2,X,,0,1-2,2,TRUE,4,2-0,1,,2,2,1,3,0,4,1,1,1,2-0,1,,0,1-2,2,,1,0-2,2,,0,2-3,2,,2,1-0,1,,0,0-0,X,TRUE,4,1,0,4,1,2,0,3,1,2-3,2,,0,2-0,1,,1,2-2,X,,1,0-1,2,TRUE,4,2-3,2,,0,3-1,1,,0,1,0,3,1,4,1,2,2,0-2,2,TRUE,0,1-1,X,,2,2-0,1,,0,1-2,2,,3,1-0,1,,3,1-2,2,,1,4,0,2,2,1,1,3,1,2-2,X,,2,1-0,1,,2,1-0,1,,0,1-0,1,TRUE,3,2-0,1,,2,0-0,X,,1,1,0,3,1,2,0,4,0,0-2,2,,1,1-2,2,,0,0-0,X,,1,2-0,1,,2,1-1,X,,3,0-1,2,TRUE,3,2,2,4,0,3,0,1,0,3-1,1,,1,3-0,1,,2,0-2,2,TRUE,4,0-2,2,,0,2-2,X,,1,2-2,X,,0,4,1,2,1,3,2,1,1,0-2,2,,2,2-1,1,,1,0-2,2,TRUE,3,0-0,X,,0,0-0,X,,2,2-0,1,,2,4,2,1,2,2,1,3,1,2-3,2,,1,2-3,2,,1,2-3,2,,2,0-0,X,,1,2-0,1,,1,2-2,X,TRUE,3,4,0,3,1,1,0,2,0,1-1,X,,1,2-3,2,,2,0-2,2,,2,0-0,X,,1,2-2,X,TRUE,3,3-1,1,,3,3,1,2,2,1,1,4,1,0-1,2,,1,0-0,X,TRUE,0,0-0,X,,0,3-1,1,,0,3-0,1,,2,0-2,2,,1,4,0,2,0,3,0,1,1,2-2,X,TRUE,4,0-2,2,,1,2-3,2,,1,1-2,2,,1,0-0,X,,1,3-1,1,,3,1,0,2,1,4,2,3,0,Chile,1,Norway,1,Mexico,1,Egypt,1,Spain,0,Paraguay,1,IvoryCoast,2,England,0,Scotland,1,Cameroon,0,Switzerland,2,Portugal,2,Qatar,1,Tunisia,0,CostaRica,0,Belgium,1,Argentina,1,Nigeria,0,Colombia,1,Jamaica,0,NewZealand,1,Brazil,1,SaudiArabia,0,Denmark,1,Italy,1,France,1,Ghana,1,Senegal,1,Japan,1,Poland,0,Canada,2,Ukraine,2,Turkey,2,Croatia,2,Spain,0,Ecuador,0,Chile,0,Qatar,2,USA,0,Algeria,2,Jamaica,,France,,Italy,,NewZealand,,England,,Ukraine,,Australia,,SouthKorea,,Nigeria,,Ukraine,,Croatia,,Denmark,,SouthKorea,,Cameroon,,Argentina,,Belgium,,Belgium,,Australia,,Cameroon,,Iran,,France,,Italy,,Egypt,,Ukraine,,Morocco,,Musiala,,Endrick,,UnaiSimon,,Mbappe,,DeBruyne,,Oyarzabal,,Australia,,Uruguay,,4,2,Yamal,1
Joel,155,129,25,1,2-0,1,,1,2-2,X,,1,1-0,1,,0,1-0,1,,3,2-0,1,,2,2-0,1,TRUE,0,1,0,3,1,4,1,2,2,1-2,2,,0,2-0,1,,1,0-0,X,TRUE,5,0-1,2,,1,1-2,2,,1,0-1,2,,1,2,1,3,1,1,0,4,0,3-1,1,,1,0-1,2,,2,2-1,1,TRUE,3,2-3,2,,0,0-1,2,,2,1-1,X,,1,2,0,1,1,4,2,3,0,3-0,1,,0,0-0,X,,1,1-1,X,,1,1-0,1,,0,2-1,1,,2,0-1,2,TRUE,3,1,1,2,0,4,0,3,1,1-1,X,TRUE,0,0-0,X,,1,1-1,X,,0,0-2,2,,1,3-0,1,,0,2-1,1,,0,4,2,1,1,2,1,3,1,2-0,1,,1,3-1,1,TRUE,4,1-2,2,,1,2-0,1,,1,3-1,1,,1,0-2,2,,1,2,2,3,1,4,2,1,1,2-1,1,,0,3-1,1,TRUE,4,0-0,X,,3,1-2,2,,1,2-3,2,,1,2-1,1,,2,2,1,1,0,3,0,4,0,3-1,1,,1,0-2,2,TRUE,0,1-1,X,,0,3-1,1,,1,3-0,1,,2,1-1,X,,1,1,0,2,1,3,2,4,0,0-2,2,,2,2-3,2,,1,3-0,1,TRUE,4,1-2,2,,1,3-1,1,,2,3-1,1,,0,2,1,4,0,3,0,1,0,3-1,1,,0,2-3,2,TRUE,3,3-1,1,,1,2-1,1,,2,1-2,2,,0,2-0,1,,0,1,0,4,1,3,1,2,0,2-3,2,,1,3-1,1,TRUE,0,2-1,1,,2,1-0,1,,1,2-2,X,,2,2-3,2,,0,4,2,3,0,1,0,2,2,2-2,X,,2,0-2,2,,1,2-1,1,,1,3-0,1,,1,2-3,2,TRUE,4,2-1,1,,3,3,2,4,0,2,1,1,0,Netherlands,0,Cameroon,1,SouthKorea,0,Tunisia,1,Japan,0,Venezuela,0,Ghana,1,Ukraine,1,Senegal,2,Nigeria,1,Qatar,1,Colombia,1,IvoryCoast,0,Turkey,0,Switzerland,1,Uruguay,0,Norway,1,England,0,Scotland,1,Germany,0,SouthAfrica,0,Ecuador,0,Portugal,0,CostaRica,1,Paraguay,1,USA,1,Iran,0,NewZealand,2,Poland,0,France,1,Serbia,1,Algeria,0,Iran,0,England,0,Egypt,0,SouthAfrica,0,SouthKorea,2,CostaRica,0,Tunisia,2,SaudiArabia,2,Paraguay,,USA,,Morocco,,Brazil,,Argentina,,Mexico,,Japan,,Nigeria,,Nigeria,,Ecuador,,Peru,,SouthAfrica,,England,,Canada,,Uruguay,,France,,SouthAfrica,,Serbia,,Belgium,,France,,Germany,,Venezuela,,Serbia,,Uruguay,,Canada,,Vinicius,,Echeverri,,UnaiSimon,,JulianAlvarez,,Foden,,Pedri,,Japan,,Denmark,,18,0,Morata,1
Miriam,161,129,32,0,3-1,1,,2,2-2,X,TRUE,3,2-3,2,,0,0-2,2,,1,0-2,2,,1,0-0,X,,2,2,0,3,0,1,0,4,1,2-3,2,,2,0-1,2,,1,2-3,2,,0,2-0,1,,1,0-0,X,TRUE,0,2-0,1,,0,1,0,4,0,3,0,2,1,2-0,1,,0,2-2,X,TRUE,3,3-0,1,,1,0-2,2,,0,3-1,1,,1,3-1,1,,1,2,0,3,2,1,1,4,2,2-1,1,TRUE,3,0-2,2,,0,1-1,X,,1,1-2,2,,1,1-1,X,,3,2-1,1,,0,2,0,4,0,1,2,3,0,2-1,1,,0,2-3,2,TRUE,0,0-2,2,,1,2-2,X,,1,2-2,X,,2,2-2,X,,2,3,1,2,1,4,0,1,0,0-0,X,,1,0-1,2,TRUE,3,1-1,X,,2,0-0,X,,0,0-1,2,,0,3-1,1,,2,3,0,2,1,1,2,4,1,2-0,1,TRUE,0,3-0,1,,1,3-0,1,,0,2-2,X,,1,2-1,1,,2,1-0,1,,1,3,2,1,1,4,2,2,2,1-2,2,,0,0-0,X,TRUE,4,1-0,1,,2,1-1,X,,1,0-1,2,,2,2-3,2,,1,2,1,3,1,4,2,1,1,2-1,1,,1,1-0,1,,3,0-1,2,TRUE,3,2-1,1,,1,2-1,1,,0,0-2,2,,2,3,1,2,0,1,1,4,0,2-3,2,,2,3-1,1,,2,0-0,X,,2,1-2,2,TRUE,3,0-2,2,,3,2-1,1,,1,4,1,3,0,2,1,1,2,1-2,2,TRUE,4,3-1,1,,0,0-2,2,,0,0-1,2,,0,0-1,2,,0,2-1,1,,2,1,1,2,1,4,1,3,2,1-0,1,TRUE,0,2-1,1,,2,0-2,2,,1,3-0,1,,0,2-0,1,,1,2-2,X,,1,2,0,4,0,3,0,1,1,Turkey,2,Scotland,2,Denmark,1,Ukraine,1,Morocco,1,Nigeria,0,Switzerland,0,Norway,0,SouthKorea,0,Colombia,1,Uruguay,0,Egypt,1,Ghana,0,Serbia,0,Italy,1,Spain,1,France,1,Qatar,1,England,1,Senegal,1,Cameroon,1,Iran,1,Poland,0,SouthAfrica,1,CostaRica,1,NewZealand,0,Jamaica,1,Netherlands,0,Argentina,0,Australia,0,Portugal,2,Canada,0,NewZealand,0,Poland,0,Canada,2,SaudiArabia,2,Jamaica,2,Ukraine,0,Spain,2,France,2,Australia,,Turkey,,Brazil,,Switzerland,,Chile,,Ghana,,Morocco,,Venezuela,,Ecuador,,Poland,,Venezuela,,SaudiArabia,,IvoryCoast,,Scotland,,Australia,,Algeria,,Brazil,,Mexico,,Argentina,,Netherlands,,Uruguay,,England,,CostaRica,,Chile,,IvoryCoast,,Wirtz,,Mainoo,,Alisson,,Haaland,,Valverde,,Oyarzabal,,Senegal,,Denmark,,24,0,NicoWilliams,0
Bruno,169,133,33,3,0-2,2,TRUE,3,1-0,1,,2,1-1,X,,0,1-2,2,,0,2-2,X,,0,2-1,1,,2,2,0,3,2,4,0,1,1,2-3,2,TRUE,5,2-2,X,,1,0-1,2,,1,0-2,2,,1,0-2,2,,1,3-0,1,,0,4,0,3,1,1,0,2,1,1-1,X,,2,0-1,2,,2,2-3,2,,0,2-2,X,,1,1-2,2,TRUE,3,3-1,1,,2,1,0,4,0,2,1,3,1,0-0,X,,1,2-2,X,,1,1-2,2,,0,2-0,1,,2,2-2,X,TRUE,4,2-3,2,,1,1,0,3,1,4,1,2,1,2-3,2,,1,0-2,2,,1,1-0,1,,2,1-1,X,,3,3-0,1,,0,3-0,1,TRUE,3,1,0,3,0,4,1,2,0,2-1,1,,0,2-0,1,TRUE,0,2-3,2,,0,1-2,2,,0,0-1,2,,1,0-0,X,,0,3,1,1,1,4,2,2,0,0-2,2,,2,2-2,X,,1,2-3,2,,1,0-0,X,TRUE,3,2-3,2,,0,2-2,X,,1,2,0,1,1,4,1,3,2,2-3,2,,0,2-1,1,,2,3-0,1,TRUE,3,2-2,X,,1,2-1,1,,2,0-1,2,,0,3,0,4,0,1,0,2,1,0-2,2,TRUE,4,0-0,X,,1,0-0,X,,3,3-0,1,,2,2-1,1,,2,1-1,X,,0,3,1,4,1,1,1,2,0,1-2,2,,1,2-3,2,,1,0-2,2,,1,2-1,1,,0,0-1,2,,0,1-2,2,TRUE,3,3,0,2,1,1,0,4,2,0-0,X,,0,1-2,2,,1,1-0,1,,1,0-2,2,TRUE,4,0-1,2,,1,0-2,2,,2,1,2,3,1,4,1,2,1,1-0,1,,1,2-3,2,,1,3-1,1,TRUE,3,3-0,1,,2,2-1,1,,1,0-0,X,,0,2,1,3,2,1,1,4,1,Belgium,0,SouthKorea,0,Brazil,0,Italy,1,Nigeria,1,France,2,Denmark,1,Canada,2,Portugal,0,SaudiArabia,1,Senegal,1,IvoryCoast,1,Paraguay,1,Uruguay,1,Turkey,0,Japan,0,Mexico,2,SouthAfrica,0,Netherlands,0,Egypt,1,Australia,1,Algeria,0,Serbia,0,CostaRica,2,Venezuela,1,Ukraine,2,Croatia,1,Iran,0,Peru,0,Chile,0,Scotland,1,Norway,0,Cameroon,2,Jamaica,2,SouthAfrica,2,Peru,2,Australia,0,France,0,Belgium,2,Norway,0,SaudiArabia,,Paraguay,,Japan,,Poland,,Germany,,Italy,,NewZealand,,Argentina,,IvoryCoast,,Peru,,Cameroon,,Algeria,,Egypt,,Morocco,,Nigeria,,Canada,,Germany,,Ecuador,,Mexico,,Portugal,,SaudiArabia,,Jamaica,,Mexico,,Egypt,,Argentina,,Valverde,,Echeverri,,UnaiSimon,,Osimhen,,Pedri,,Oyarzabal,,Ecuador,,Qatar,,6,2,NicoWilliams,1
Lidia,165,138,24,3,2-0,1,,2,1-0,1,,1,0-2,2,,0,2-0,1,,1,2-1,1,,1,1-2,2,TRUE,5,3,0,2,2,4,1,1,1,1-1,X,TRUE,4,2-0,1,,1,1-1,X,,3,2-0,1,,1,3-1,1,,1,2-1,1,,0,4,0,1,0,3,1,2,0,2-0,1,,2,2-0,1,,2,3-0,1,,1,1-2,2,,2,3-0,1,TRUE,4,0-0,X,,1,1,0,3,1,2,2,4,1,3-0,1,,1,2-3,2,TRUE,3,3-1,1,,0,3-1,1,,1,2-3,2,,1,1-2,2,,3,1,1,3,2,4,1,2,1,2-1,1,,3,1-0,1,TRUE,4,1-1,X,,1,3-0,1,,1,3-0,1,,1,2-1,1,,0,4,2,3,0,2,1,1,2,0-0,X,,1,0-0,X,,1,0-1,2,,1,1-2,2,TRUE,3,2-2,X,,0,2-1,1,,1,1,1,4,1,2,0,3,1,0-0,X,,0,1-2,2,TRUE,4,1-0,1,,1,0-1,2,,2,3-0,1,,1,2-3,2,,1,3,0,4,0,1,1,2,0,3-0,1,,1,3-0,1,,3,2-0,1,,2,3-0,1,,0,3-1,1,TRUE,3,0-2,2,,1,3,1,1,1,2,2,4,1,2-2,X,,1,2-0,1,,1,1-2,2,TRUE,3,3-0,1,,1,2-3,2,,0,0-0,X,,0,1,0,3,0,2,0,4,1,0-2,2,,1,2-0,1,TRUE,3,1-2,2,,3,1-0,1,,1,2-1,1,,0,2-0,1,,0,4,1,2,0,3,1,1,0,3-1,1,,1,2-3,2,TRUE,0,0-1,2,,0,1-2,2,,2,2-2,X,,0,2-2,X,,1,1,1,4,0,2,0,3,0,0-0,X,,2,1-1,X,TRUE,3,2-2,X,,1,2-3,2,,1,1-1,X,,1,0-1,2,,0,3,0,2,2,4,1,1,0,Cameroon,1,Qatar,1,England,1,Netherlands,0,Algeria,1,Poland,0,Uruguay,0,Turkey,0,Paraguay,0,Ghana,1,Peru,0,CostaRica,2,Norway,0,Ecuador,0,Ukraine,1,NewZealand,0,Switzerland,1,Iran,0,Japan,0,Chile,0,Argentina,0,Spain,1,Brazil,2,Mexico,1,Croatia,1,USA,0,SaudiArabia,1,Italy,2,Portugal,0,Belgium,0,Senegal,0,SouthKorea,1,Portugal,0,IvoryCoast,0,Turkey,2,USA,0,Chile,2,Venezuela,2,Ukraine,0,Australia,0,SouthKorea,,England,,Ghana,,France,,Serbia,,SaudiArabia,,Japan,,Qatar,,Portugal,,Paraguay,,Qatar,,IvoryCoast,,Poland,,Argentina,,Morocco,,Turkey,,Denmark,,Uruguay,,Tunisia,,Serbia,,Cameroon,,Qatar,,Spain,,Ecuador,,CostaRica,,Mbappe,,Yamal,,Maignan,,Gakpo,,Foden,,Joselu,,Venezuela,,Denmark,,7,3,Morata,0
Borja,171,143,27,1,0-1,2,,2,3-1,1,,2,1-2,2,,0,1-1,X,TRUE,0,2-0,1,,2,3-1,1,,2,2,0,3,2,1,0,4,0,2-3,2,TRUE,0,1-1,X,,0,1-0,1,,1,0-1,2,,0,2-2,X,,1,2-1,1,,2,4,1,3,1,1,1,2,2,0-0,X,,2,1-2,2,,1,0-2,2,,0,2-0,1,,1,2-1,1,TRUE,4,2-0,1,,1,3,1,1,0,4,1,2,0,0-0,X,,1,3-0,1,,3,3-1,1,,1,2-1,1,,0,2-3,2,TRUE,3,2-1,1,,2,4,0,2,1,1,1,3,2,0-2,2,,2,3-0,1,,0,3-1,1,,1,2-0,1,,0,0-2,2,,1,1-0,1,TRUE,4,2,2,1,0,3,2,4,1,0-1,2,,3,0-2,2,,2,2-2,X,,1,1-1,X,,1,1-2,2,,1,2-3,2,,2,3,2,2,0,4,2,1,1,2-2,X,,2,1-2,2,,3,2-2,X,,3,2-2,X,,1,3-0,1,TRUE,4,2-2,X,,1,2,0,3,1,1,1,4,2,2-3,2,,0,2-1,1,,1,0-0,X,TRUE,3,0-0,X,,1,3-1,1,,1,0-0,X,,1,3,1,2,0,1,2,4,0,2-3,2,,2,3-0,1,,0,3-1,1,,2,3-0,1,TRUE,3,0-2,2,,1,2-1,1,,2,3,1,4,1,1,2,2,0,2-2,X,TRUE,5,0-1,2,,0,0-2,2,,3,3-0,1,,0,3-1,1,,0,2-0,1,,2,2,0,3,1,4,1,1,2,2-0,1,,0,2-0,1,,0,3-0,1,,2,2-1,1,TRUE,3,1-0,1,,0,3-1,1,,0,4,0,3,0,1,1,2,1,3-0,1,TRUE,0,0-2,2,,2,2-2,X,,1,1-1,X,,2,0-2,2,,1,1-2,2,,1,4,1,3,0,2,0,1,0,Tunisia,0,Switzerland,0,Scotland,0,Belgium,2,Germany,0,Italy,0,SaudiArabia,1,Ukraine,2,Nigeria,0,Australia,1,Morocco,2,Ghana,1,Norway,1,England,0,Croatia,0,Peru,1,Portugal,1,Mexico,0,Cameroon,1,Chile,0,Qatar,0,Poland,1,Iran,0,Netherlands,0,France,1,Egypt,1,USA,0,Brazil,0,IvoryCoast,0,Uruguay,0,Algeria,1,Canada,0,Australia,0,Belgium,0,Uruguay,0,Italy,2,Netherlands,2,Norway,2,Senegal,2,Spain,2,Switzerland,,Chile,,Scotland,,Tunisia,,France,,Portugal,,IvoryCoast,,Qatar,,Australia,,Algeria,,Argentina,,Serbia,,Uruguay,,Mexico,,France,,Qatar,,Argentina,,Japan,,Australia,,NewZealand,,Morocco,,Canada,,Turkey,,Paraguay,,Egypt,,Valverde,,Mainoo,,DiogoCosta,,JulianAlvarez,,Foden,,Yamal,,Morocco,,Belgium,,11,0,Pedri,1
Natalia,172,138,33,1,2-1,1,,2,1-2,2,,0,3-0,1,TRUE,3,3-0,1,,1,2-1,1,,0,2-1,1,,1,3,0,2,2,4,2,1,1,3-1,1,,1,2-1,1,,0,2-2,X,,2,2-1,1,,2,3-1,1,TRUE,0,1-1,X,,0,1,1,2,2,4,0,3,0,1-2,2,,2,0-2,2,,0,3-0,1,,1,0-2,2,TRUE,4,2-1,1,,1,2-2,X,,1,2,1,1,1,3,1,4,1,1-0,1,,1,2-0,1,,1,2-3,2,TRUE,3,1-0,1,,0,3-0,1,,2,1-2,2,,1,3,2,1,2,2,0,4,1,0-2,2,,2,2-1,1,,2,0-0,X,,1,2-3,2,TRUE,0,0-0,X,,2,2-0,1,,0,3,2,4,2,1,1,2,0,2-3,2,,1,3-1,1,,1,2-1,1,,0,2-3,2,,0,3-1,1,TRUE,4,2-2,X,,3,3,1,4,1,1,0,2,0,2-2,X,,1,0-0,X,,1,1-0,1,,1,0-0,X,,0,3-0,1,TRUE,0,3-1,1,,2,4,1,1,0,3,2,2,1,1-0,1,,1,3-1,1,TRUE,3,1-0,1,,2,0-0,X,,1,3-1,1,,0,2-1,1,,1,1,2,2,2,4,1,3,1,2-0,1,,2,0-2,2,,0,3-0,1,TRUE,3,3-1,1,,1,2-3,2,,2,2-1,1,,1,3,1,2,0,1,0,4,2,3-0,1,,1,2-3,2,TRUE,4,0-1,2,,0,2-2,X,,1,0-2,2,,2,2-3,2,,2,1,0,4,1,2,0,3,2,2-0,1,,0,1-0,1,,1,1-2,2,,1,0-2,2,,1,2-3,2,,1,3-0,1,TRUE,4,2,1,3,0,4,1,1,0,3-0,1,,1,1-0,1,,1,3-0,1,,2,1-2,2,,1,2-0,1,TRUE,4,1-2,2,,0,2,0,3,1,4,1,1,0,Morocco,2,Algeria,2,Switzerland,0,Qatar,0,Chile,1,Jamaica,1,Senegal,1,France,0,Mexico,1,Croatia,1,Ghana,0,SouthKorea,1,NewZealand,1,Denmark,0,Brazil,1,Iran,0,Norway,1,Portugal,0,SouthAfrica,1,Japan,1,Egypt,1,Uruguay,2,IvoryCoast,1,Argentina,1,Turkey,1,Ukraine,1,Serbia,0,Belgium,0,Spain,1,USA,2,Poland,2,Germany,0,Switzerland,2,Qatar,0,Japan,2,France,2,Spain,0,Morocco,0,Portugal,0,Tunisia,0,Scotland,,England,,Canada,,Netherlands,,Nigeria,,Turkey,,Peru,,Venezuela,,Portugal,,Croatia,,Paraguay,,Venezuela,,Denmark,,Senegal,,Tunisia,,SouthAfrica,,Ecuador,,Chile,,Jamaica,,Ukraine,,Iran,,Switzerland,,Chile,,SaudiArabia,,Switzerland,,Pedri,,Endrick,,Alisson,,Mbappe,,Pedri,,Pedri,,Senegal,,Qatar,,9,0,Yamal,1
Álex,180,143,34,3,2-1,1,,2,2-0,1,,1,2-0,1,,1,0-0,X,,2,3-0,1,,2,0-2,2,TRUE,0,4,0,1,1,3,0,2,1,1-0,1,,1,2-0,1,TRUE,3,1-2,2,,0,1-2,2,,1,2-3,2,,1,2-0,1,,1,4,0,2,1,1,0,3,2,1-0,1,,0,3-0,1,,1,1-2,2,,2,0-0,X,TRUE,3,2-0,1,,2,2-0,1,,1,1,0,4,1,2,0,3,2,0-1,2,,1,1-0,1,TRUE,0,1-2,2,,2,0-0,X,,2,0-0,X,,2,0-1,2,,2,1,1,4,0,2,1,3,1,2-3,2,,2,2-3,2,,1,2-2,X,,2,3-1,1,,0,0-2,2,,1,3-0,1,TRUE,3,3,1,1,0,2,1,4,0,0-0,X,,1,2-0,1,,2,3-0,1,TRUE,5,3-0,1,,2,0-1,2,,0,1-0,1,,2,3,1,2,1,1,0,4,2,1-0,1,,1,0-2,2,,0,3-0,1,TRUE,3,3-1,1,,1,1-2,2,,1,3-1,1,,1,2,0,1,0,3,2,4,1,1-1,X,,1,1-1,X,,2,1-2,2,,1,0-1,2,TRUE,5,3-1,1,,0,1-2,2,,0,1,1,4,1,3,0,2,1,0-1,2,,1,0-0,X,TRUE,4,2-0,1,,1,1-1,X,,3,1-2,2,,1,3-1,1,,1,4,0,2,0,1,1,3,1,0-2,2,TRUE,3,0-2,2,,3,0-2,2,,1,3-0,1,,1,2-1,1,,0,0-1,2,,1,4,2,3,0,1,1,2,1,1-2,2,,2,2-1,1,,0,0-0,X,TRUE,0,3-1,1,,2,2-3,2,,1,0-0,X,,1,4,0,1,1,3,2,2,2,2-3,2,TRUE,3,3-0,1,,2,2-1,1,,0,0-1,2,,0,1-0,1,,0,1-2,2,,2,3,1,4,1,1,2,2,2,SaudiArabia,0,Japan,0,Brazil,0,Scotland,0,Switzerland,1,Ghana,0,Serbia,0,Morocco,0,Uruguay,2,Nigeria,0,USA,2,Mexico,0,Colombia,0,Paraguay,1,Argentina,1,France,1,Spain,1,Netherlands,0,Italy,1,England,0,Chile,0,CostaRica,1,SouthKorea,2,Algeria,0,Cameroon,1,Peru,1,Ukraine,1,Poland,1,Croatia,1,IvoryCoast,1,Venezuela,0,Senegal,1,SouthAfrica,2,Peru,3,Paraguay,3,NewZealand,2,IvoryCoast,2,Uruguay,2,Scotland,0,Morocco,0,Nigeria,,SaudiArabia,,Netherlands,,Argentina,,Ukraine,,Brazil,,Cameroon,,Qatar,,Australia,,Turkey,,Ukraine,,Iran,,Brazil,,SouthAfrica,,Belgium,,Spain,,Serbia,,Japan,,Netherlands,,Croatia,,Algeria,,Mexico,,Belgium,,Qatar,,Morocco,,Foden,,Endrick,,Alisson,,Gakpo,,Pedri,,NicoWilliams,,Colombia,,Qatar,,5,2,NicoWilliams,1
Patri,158,131,25,2,0-1,2,,2,0-1,2,,1,2-0,1,,0,0-0,X,TRUE,0,1-0,1,,1,2-1,1,,0,1,0,3,2,2,0,4,0,3-0,1,TRUE,0,2-3,2,,1,2-1,1,,1,3-0,1,,2,2-0,1,,3,1-1,X,,1,4,0,1,1,2,0,3,2,2-3,2,TRUE,4,1-1,X,,1,3-0,1,,0,3-1,1,,1,0-0,X,,1,2-0,1,,1,2,1,4,2,3,1,1,0,0-1,2,,1,2-2,X,,2,0-0,X,,1,2-1,1,TRUE,5,1-0,1,,2,0-2,2,,1,2,0,3,2,4,0,1,0,2-0,1,,0,1-2,2,,2,1-2,2,,0,0-2,2,,1,3-0,1,TRUE,0,0-1,2,,0,3,2,4,0,1,2,2,0,3-0,1,,1,2-3,2,,0,1-1,X,,0,0-1,2,,1,1-2,2,,1,2-3,2,TRUE,4,2,2,1,1,3,1,4,0,1-1,X,TRUE,3,1-2,2,,1,3-0,1,,2,3-0,1,,0,0-0,X,,2,1-2,2,,0,3,1,1,1,2,2,4,1,2-2,X,TRUE,3,1-2,2,,1,1-0,1,,1,2-0,1,,1,1-0,1,,1,1-1,X,,1,2,2,3,0,4,0,1,1,1-2,2,,2,0-2,2,,2,2-0,1,TRUE,4,0-2,2,,0,2-0,1,,3,1-2,2,,0,2,1,1,0,3,2,4,2,1-1,X,,1,0-0,X,TRUE,0,0-0,X,,0,0-0,X,,0,3-1,1,,2,1-1,X,,0,2,1,1,1,3,1,4,2,3-0,1,,0,2-1,1,,2,2-1,1,,2,2-0,1,TRUE,3,3-1,1,,1,1-1,X,,0,3,0,1,0,2,0,4,1,3-1,1,,0,1-2,2,,0,1-2,2,,2,1-1,X,,2,0-2,2,,3,2-0,1,TRUE,3,1,1,4,0,3,1,2,1,Switzerland,0,Senegal,0,Qatar,0,Tunisia,0,Paraguay,0,Netherlands,0,Belgium,0,Denmark,0,Ukraine,0,Turkey,0,England,0,Poland,2,Cameroon,1,Morocco,1,Japan,0,CostaRica,2,IvoryCoast,0,Nigeria,1,Scotland,0,Peru,0,Brazil,1,NewZealand,0,Ghana,0,Iran,0,USA,1,Australia,0,Algeria,2,Uruguay,1,Colombia,2,SouthAfrica,0,Jamaica,2,Spain,0,Paraguay,2,Colombia,0,Denmark,0,Chile,0,France,3,Norway,2,Australia,2,Cameroon,0,Spain,,Algeria,,Venezuela,,Nigeria,,NewZealand,,Portugal,,Argentina,,Ghana,,Peru,,Jamaica,,SouthKorea,,Croatia,,SaudiArabia,,Scotland,,Uruguay,,Argentina,,Italy,,Turkey,,Chile,,Switzerland,,Colombia,,SouthKorea,,Colombia,,England,,Ukraine,,Vinicius,,Echeverri,,Maignan,,Vinicius,,Pedri,,Oyarzabal,,Venezuela,,Denmark,,12,2,NicoWilliams,0
Mateo,169,135,31,3,1-2,2,,2,3-0,1,TRUE,0,0-2,2,,1,3-0,1,,0,1-2,2,,3,1-0,1,,3,1,2,3,0,4,1,2,0,2-3,2,,2,0-2,2,,0,2-1,1,TRUE,0,0-2,2,,1,3-0,1,,2,2-1,1,,1,3,0,2,2,4,1,1,0,0-1,2,,1,1-0,1,,1,2-1,1,TRUE,0,2-2,X,,1,0-2,2,,1,1-2,2,,1,1,1,2,1,3,1,4,1,2-0,1,,3,1-0,1,,2,1-0,1,TRUE,0,1-2,2,,2,3-1,1,,2,2-2,X,,2,3,1,1,1,2,0,4,1,2-3,2,,1,2-2,X,,2,0-0,X,,1,2-0,1,,1,0-0,X,,2,3-1,1,TRUE,4,4,0,3,1,2,0,1,0,2-3,2,,1,3-1,1,TRUE,3,2-2,X,,3,0-0,X,,2,2-0,1,,2,1-2,2,,2,2,1,4,2,3,0,1,2,3-1,1,TRUE,0,3-1,1,,2,3-1,1,,2,2-1,1,,0,2-0,1,,1,1-2,2,,0,3,0,4,0,1,2,2,1,1-0,1,,1,3-0,1,,0,0-2,2,,2,0-1,2,TRUE,4,1-0,1,,1,2-3,2,,0,2,1,4,0,3,0,1,2,0-0,X,,0,1-2,2,,2,0-0,X,,2,1-1,X,,0,2-0,1,TRUE,3,0-0,X,,0,3,0,1,0,2,1,4,0,2-3,2,TRUE,3,3-0,1,,2,1-1,X,,2,0-0,X,,1,3-1,1,TRUE,3,0-2,2,,0,2,0,1,0,3,1,4,1,0-1,2,,1,2-2,X,,1,3-0,1,,1,2-1,1,,2,1-0,1,,1,1-2,2,TRUE,3,2,1,4,2,3,0,1,0,2-3,2,,0,2-0,1,TRUE,5,2-3,2,,2,3-1,1,,0,3-1,1,,0,1-1,X,,1,2,0,3,0,4,1,1,0,Spain,2,Australia,1,USA,0,SaudiArabia,2,Turkey,1,Uruguay,1,Germany,1,NewZealand,0,Italy,2,CostaRica,2,Chile,1,Switzerland,0,Netherlands,0,Croatia,0,Algeria,0,Paraguay,1,Norway,2,Iran,1,England,1,Colombia,0,Scotland,2,Tunisia,0,Argentina,0,Canada,0,Portugal,0,Denmark,0,Japan,1,Qatar,0,Serbia,1,Mexico,1,SouthAfrica,1,Belgium,0,Paraguay,0,SouthAfrica,0,NewZealand,0,Argentina,0,Italy,3,Colombia,2,Croatia,2,SouthKorea,0,Brazil,,Senegal,,Netherlands,,Iran,,Scotland,,France,,CostaRica,,Morocco,,Jamaica,,Nigeria,,Canada,,SouthAfrica,,Serbia,,Iran,,Senegal,,Scotland,,Italy,,Japan,,Paraguay,,Uruguay,,Poland,,Turkey,,Ghana,,Algeria,,Paraguay,,Foden,,Yamal,,Maignan,,Kane,,Foden,,Oyarzabal,,Japan,,Belgium,,24,2,Joselu,1
Jimena,165,125,38,2,2-0,1,,0,2-1,1,,0,2-0,1,,2,2-3,2,TRUE,0,3-0,1,,0,0-2,2,,1,1,0,3,0,2,1,4,1,3-1,1,,1,1-0,1,,1,1-0,1,,1,0-0,X,,0,3-0,1,TRUE,0,1-0,1,,2,4,0,3,0,1,1,2,0,2-2,X,,0,0-0,X,TRUE,4,1-2,2,,0,2-0,1,,3,2-0,1,,1,3-0,1,TRUE,4,2,1,3,0,4,2,1,1,0-0,X,,2,2-1,1,TRUE,3,2-3,2,,2,1-0,1,,1,1-2,2,,0,1-1,X,,1,4,0,2,0,3,0,1,0,1-2,2,TRUE,0,2-1,1,,2,2-2,X,,0,2-0,1,,2,0-2,2,,0,2-1,1,,2,1,2,2,0,3,1,4,2,1-2,2,,1,2-2,X,,2,0-1,2,TRUE,0,0-2,2,,1,1-0,1,,1,3-0,1,,2,1,0,3,0,4,0,2,0,2-0,1,,0,2-0,1,,1,2-1,1,,2,1-1,X,,0,3-1,1,,1,2-3,2,TRUE,3,2,2,1,2,4,1,3,0,2-3,2,TRUE,4,2-0,1,,0,0-0,X,,3,1-1,X,,1,1-1,X,,1,2-0,1,,0,1,0,2,2,3,1,4,1,1-0,1,,3,2-2,X,,1,0-0,X,,2,0-2,2,,0,0-1,2,,2,2-2,X,TRUE,3,1,0,4,1,2,1,3,0,0-1,2,,0,0-0,X,,0,0-1,2,,0,2-3,2,,2,2-1,1,,0,2-0,1,TRUE,4,4,1,1,1,2,1,3,1,2-0,1,,1,2-2,X,,1,1-0,1,,1,2-1,1,TRUE,3,3-0,1,,0,2-0,1,,1,3,1,1,2,2,1,4,1,0-2,2,TRUE,3,0-0,X,,1,0-1,2,,2,0-2,2,,0,0-1,2,,1,1-1,X,,2,2,1,3,0,4,0,1,1,Jamaica,0,Serbia,1,Brazil,0,Ghana,0,SouthKorea,1,NewZealand,1,Switzerland,1,Peru,1,Canada,1,Colombia,0,SouthAfrica,1,Mexico,1,Iran,2,France,0,Uruguay,0,Poland,2,Germany,2,Netherlands,1,Croatia,1,Belgium,1,Venezuela,2,Argentina,1,IvoryCoast,2,England,1,Cameroon,0,Turkey,0,USA,0,Denmark,2,Senegal,1,Nigeria,2,Spain,1,Chile,1,Japan,0,Portugal,2,USA,0,Italy,0,Brazil,2,Argentina,0,Venezuela,2,Qatar,2,Nigeria,,SouthAfrica,,Cameroon,,Senegal,,Belgium,,Ukraine,,Tunisia,,Egypt,,Spain,,Chile,,England,,CostaRica,,Portugal,,Japan,,Mexico,,Paraguay,,Spain,,Tunisia,,SouthAfrica,,Ghana,,Jamaica,,Brazil,,Mexico,,Serbia,,Colombia,,Valverde,,Endrick,,DiogoCosta,,JulianAlvarez,,DeBruyne,,Yamal,,Australia,,Denmark,,13,0,Pedri,2
